timestamp,ir,red,ir_ac,ir_dc,red_ac,red_dc,r_value,true_hr,true_spo2
2025-12-04T20:36:05.814758,111264.0,96295.0,89.880692,97747.976562,69.242371,84862.460938,0.887356,75.0,99.0
2025-12-04T20:36:05.817204,111264.0,96295.0,124.560867,97883.140625,97.48114,84976.789062,0.90146,75.0,99.0
2025-12-04T20:36:05.820200,111264.0,96295.0,141.796219,98016.953125,111.744324,85089.96875,0.907786,75.0,99.0
2025-12-04T20:36:05.822387,111264.0,96295.0,145.722977,98149.421875,115.319519,85202.023438,0.911617,75.0,99.0
2025-12-04T20:36:05.824570,111538.0,96464.0,158.515289,98283.3125,122.546608,85314.640625,0.890608,75.0,99.0
2025-12-04T20:36:05.826579,111538.0,96464.0,176.819489,98415.859375,131.930405,85426.132812,0.859586,75.0,99.0
2025-12-04T20:36:05.829030,111538.0,96464.0,179.467926,98547.078125,130.891342,85536.515625,0.840265,75.0,99.0
2025-12-04T20:36:05.832284,111538.0,96464.0,170.916656,98676.992188,122.558815,85645.789062,0.826171,75.0,99.0
2025-12-04T20:36:05.834944,111742.0,96742.0,168.720993,98807.640625,128.316757,85756.75,0.876267,75.0,99.0
2025-12-04T20:36:05.838576,111742.0,96742.0,171.137009,98936.984375,143.681503,85866.601562,0.967367,75.0,99.0
2025-12-04T20:36:05.841732,111742.0,96742.0,162.905075,99065.039062,146.17955,85975.359375,1.033947,75.0,99.0
2025-12-04T20:36:05.844782,111742.0,96742.0,147.638474,99191.8125,139.454941,86083.023438,1.08841,75.0,99.0
2025-12-04T20:36:05.846930,111649.0,96665.0,122.022354,99316.382812,121.419571,86188.84375,1.146619,75.0,99.0
2025-12-04T20:36:05.848863,111649.0,96665.0,90.591202,99439.710938,96.451309,86293.609375,1.226883,75.0,99.0
2025-12-04T20:36:05.851258,111649.0,96665.0,63.156147,99561.804688,73.235977,86397.320312,1.336292,75.0,99.0
2025-12-04T20:36:05.854288,111649.0,96665.0,40.133198,99682.679688,52.605122,86500.0,1.510525,75.0,99.0
2025-12-04T20:36:05.856457,111601.0,96600.0,18.321613,99801.867188,30.611153,86601.0,1.925448,75.0,99.0
2025-12-04T20:36:05.858530,111601.0,96600.0,1.368816,99919.859375,8.932442,86700.992188,7.520607,75.0,99.0
2025-12-04T20:36:05.860611,111601.0,96600.0,15.181316,100036.671875,6.881035,86799.984375,0.522377,75.0,99.0
2025-12-04T20:36:05.862519,111601.0,96600.0,24.045086,100152.3125,17.638847,86897.984375,0.845464,75.0,99.0
2025-12-04T20:36:05.864666,111641.0,96524.0,26.204296,100267.203125,29.331366,86994.242188,1.290114,75.0,99.0
2025-12-04T20:36:05.866718,111641.0,96524.0,23.508007,100380.945312,41.004707,87089.539062,2.010496,75.0,99.0
2025-12-04T20:36:05.869203,111641.0,96524.0,20.240917,100493.546875,46.859688,87183.882812,2.668524,75.0,99.0
2025-12-04T20:36:05.871553,111641.0,96524.0,16.760937,100605.023438,48.269356,87277.28125,3.319645,75.0,99.0
2025-12-04T20:36:05.873452,111897.0,96727.0,3.935834,100717.945312,32.76783,87371.78125,9.597244,75.0,99.0
2025-12-04T20:36:05.875397,111897.0,96727.0,35.577435,100829.734375,6.235114,87465.335938,0.202033,75.0,99.0
2025-12-04T20:36:05.877478,111897.0,96727.0,55.835247,100940.40625,12.846429,87557.953125,0.265243,75.0,99.0
2025-12-04T20:36:05.879696,111897.0,96727.0,66.885544,101049.976562,25.563225,87649.640625,0.440625,75.0,99.0
2025-12-04T20:36:05.881881,111727.0,96762.0,59.330742,101156.75,35.411953,87740.765625,0.688119,75.0,99.0
2025-12-04T20:36:05.884864,111727.0,96762.0,39.088554,101262.453125,42.665859,87830.976562,1.258437,75.0,99.0
2025-12-04T20:36:05.887188,111727.0,96762.0,22.538263,101367.101562,45.306484,87920.289062,2.31765,75.0,99.0
2025-12-04T20:36:05.889619,111727.0,96762.0,9.553399,101470.703125,44.538906,88008.703125,5.375225,75.0,99.0
2025-12-04T20:36:05.892016,111812.0,96806.0,5.571277,101574.117188,44.379009,88096.679688,9.184306,75.0,99.0
2025-12-04T20:36:05.894076,111812.0,96806.0,8.171863,101676.5,44.657818,88183.773438,6.300984,75.0,99.0
2025-12-04T20:36:05.896014,111812.0,96806.0,9.532214,101777.859375,42.261822,88270.0,5.112044,75.0,99.0
2025-12-04T20:36:05.898478,111812.0,96806.0,9.938464,101878.203125,38.117779,88355.359375,4.422387,75.0,99.0
2025-12-04T20:36:05.901009,111725.0,96676.0,3.779329,101976.671875,24.211874,88438.570312,7.387081,75.0,99.0
2025-12-04T20:36:05.903084,111725.0,96676.0,6.654265,102074.15625,4.226034,88520.945312,0.732323,75.0,99.0
2025-12-04T20:36:05.905713,111725.0,96676.0,13.628875,102170.664062,10.119669,88602.5,0.856222,75.0,99.0
2025-12-04T20:36:05.907882,111725.0,96676.0,17.758268,102266.210938,19.65336,88683.234375,1.276224,75.0,99.0
2025-12-04T20:36:05.909899,111950.0,96804.0,4.463158,102363.046875,16.604046,88764.445312,4.290183,75.0,99.0
2025-12-04T20:36:05.912252,111950.0,96804.0,20.353249,102458.914062,4.854535,88844.84375,0.275063,75.0,99.0
2025-12-04T20:36:05.914791,111950.0,96804.0,36.680397,102553.828125,3.716754,88924.4375,0.116859,75.0,99.0
2025-12-04T20:36:05.916823,111950.0,96804.0,46.070045,102647.789062,9.547809,89003.234375,0.239017,75.0,99.0
2025-12-04T20:36:05.918909,112090.0,96898.0,59.46349,102742.210938,19.448174,89082.179688,0.377213,75.0,99.0
2025-12-04T20:36:05.921004,112090.0,96898.0,74.904411,102835.6875,31.644463,89160.335938,0.487262,75.0,99.0
2025-12-04T20:36:05.923519,112090.0,96898.0,81.449333,102928.234375,38.411552,89237.710938,0.543952,75.0,99.0
2025-12-04T20:36:05.925448,112090.0,96898.0,81.338005,103019.851562,40.955986,89314.3125,0.580796,75.0,99.0
2025-12-04T20:36:05.927638,111748.0,96814.0,53.46703,103107.132812,34.706738,89389.3125,0.74874,75.0,99.0
2025-12-04T20:36:05.929862,111748.0,96814.0,7.629628,103193.539062,22.616404,89463.5625,3.419216,75.0,99.0
2025-12-04T20:36:05.932593,111748.0,96814.0,25.152599,103279.085938,12.773631,89537.070312,0.585789,75.0,99.0
2025-12-04T20:36:05.935066,111748.0,96814.0,46.820568,103363.773438,5.087596,89609.84375,0.12534,75.0,99.0
2025-12-04T20:36:05.937384,111826.0,96862.0,54.127903,103448.398438,2.607675,89682.367188,0.055571,75.0,99.0
2025-12-04T20:36:05.939788,111826.0,96862.0,50.87888,103532.171875,3.944589,89754.164062,0.08943,75.0,99.0
2025-12-04T20:36:05.941680,111826.0,96862.0,45.632298,103615.109375,4.658457,89825.242188,0.117759,75.0,99.0
2025-12-04T20:36:05.943799,111826.0,96862.0,39.281223,103697.21875,4.891367,89895.609375,0.143639,75.0,99.0
2025-12-04T20:36:05.946183,111945.0,96873.0,24.492817,103779.695312,5.513258,89965.382812,0.259661,75.0,99.0
2025-12-04T20:36:05.948298,111945.0,96873.0,4.610004,103861.351562,6.373609,90034.460938,1.594885,75.0,99.0
2025-12-04T20:36:05.950488,111945.0,96873.0,9.685406,103942.1875,6.610914,90102.84375,0.787403,75.0,99.0
2025-12-04T20:36:05.952780,111945.0,96873.0,19.208843,104022.21875,6.394605,90170.546875,0.384038,75.0,99.0
2025-12-04T20:36:05.955362,112032.0,96883.0,30.681456,104102.320312,6.545232,90237.671875,0.246106,75.0,99.0
2025-12-04T20:36:05.957343,112032.0,96883.0,42.86261,104181.617188,6.946111,90304.125,0.186959,75.0,99.0
2025-12-04T20:36:05.959287,112032.0,96883.0,48.96759,104260.125,6.825506,90369.914062,0.160813,75.0,99.0
2025-12-04T20:36:05.961372,112032.0,96883.0,50.431946,104337.84375,6.34406,90435.046875,0.145133,75.0,99.0
2025-12-04T20:36:05.963394,111483.0,96704.0,11.503982,104409.296875,6.438441,90497.734375,0.645705,75.0,99.0
2025-12-04T20:36:05.965751,111483.0,96704.0,53.661545,104480.03125,27.157679,90559.796875,0.583885,75.0,99.0
2025-12-04T20:36:05.968055,111483.0,96704.0,96.521408,104550.0625,40.198696,90621.242188,0.480488,75.0,99.0
2025-12-04T20:36:05.970141,111483.0,96704.0,121.155685,104619.390625,47.065395,90682.070312,0.448176,75.0,99.0
2025-12-04T20:36:05.972156,111869.0,96962.0,105.463654,104691.890625,31.774239,90744.867188,0.347587,75.0,99.0
2025-12-04T20:36:05.974185,111869.0,96962.0,62.23172,104763.664062,1.737618,90807.039062,0.032213,75.0,99.0
2025-12-04T20:36:05.976154,111869.0,96962.0,28.117464,104834.71875,19.554863,90868.585938,0.802361,75.0,99.0
2025-12-04T20:36:05.978181,111869.0,96962.0,2.416292,104905.0625,33.44207,90929.523438,15.967439,75.0,99.0
2025-12-04T20:36:05.980394,111790.0,96847.0,10.527691,104973.914062,33.540672,90988.695312,3.675637,75.0,99.0
2025-12-04T20:36:05.982457,111790.0,96847.0,13.719585,105042.078125,23.905416,91047.28125,2.010257,75.0,99.0
2025-12-04T20:36:05.984986,111790.0,96847.0,15.174664,105109.554688,15.71987,91105.28125,1.195167,75.0,99.0
2025-12-04T20:36:05.986992,111790.0,96847.0,15.320171,105176.359375,9.03237,91162.703125,0.680204,75.0,99.0
2025-12-04T20:36:05.988797,111995.0,96960.0,28.361393,105244.546875,11.41214,91220.679688,0.464244,75.0,99.0
2025-12-04T20:36:05.990635,111995.0,96960.0,49.743717,105312.054688,20.0513,91278.070312,0.465067,75.0,99.0
2025-12-04T20:36:05.992463,111995.0,96960.0,61.940983,105378.882812,24.982452,91334.890625,0.465344,75.0,99.0
2025-12-04T20:36:05.994439,111995.0,96960.0,66.950256,105445.046875,27.011261,91391.140625,0.465495,75.0,99.0
2025-12-04T20:36:05.996499,111357.0,96794.0,23.56077,105504.164062,15.676967,91445.171875,0.767682,75.0,99.0
2025-12-04T20:36:05.999398,111357.0,96794.0,51.45583,105562.695312,4.427525,91498.664062,0.099271,75.0,99.0
2025-12-04T20:36:06.001518,111357.0,96794.0,101.393822,105620.640625,18.354282,91551.617188,0.208838,75.0,99.0
2025-12-04T20:36:06.003495,111357.0,96794.0,130.739029,105678.007812,27.114048,91604.039062,0.239254,75.0,99.0
2025-12-04T20:36:06.005229,111462.0,96823.0,136.769028,105735.851562,29.763803,91656.226562,0.25105,75.0,99.0
2025-12-04T20:36:06.007281,111462.0,96823.0,125.999496,105793.117188,27.948862,91707.898438,0.255886,75.0,99.0
2025-12-04T20:36:06.009252,111462.0,96823.0,111.085922,105849.804688,25.045542,91759.046875,0.260083,75.0,99.0
2025-12-04T20:36:06.011129,111462.0,96823.0,94.114731,105905.929688,21.543589,91809.6875,0.264054,75.0,99.0
2025-12-04T20:36:06.013333,111412.0,96794.0,80.0495,105960.992188,19.778599,91859.53125,0.285009,75.0,99.0
2025-12-04T20:36:06.015606,111412.0,96794.0,68.851257,106015.5,19.341587,91908.875,0.324035,75.0,99.0
2025-12-04T20:36:06.018418,111412.0,96794.0,56.953312,106069.46875,17.909946,91957.726562,0.362725,75.0,99.0
2025-12-04T20:36:06.020335,111412.0,96794.0,45.25214,106122.898438,15.859654,92006.09375,0.404247,75.0,99.0
2025-12-04T20:36:06.022175,111723.0,96952.0,13.391227,106178.898438,2.834046,92055.554688,0.244104,75.0,99.0
2025-12-04T20:36:06.024086,111723.0,96952.0,30.843149,106234.34375,17.17865,92104.523438,0.642413,75.0,99.0
2025-12-04T20:36:06.025840,111723.0,96952.0,60.260628,106289.234375,30.30072,92153.0,0.579961,75.0,99.0
2025-12-04T20:36:06.027554,111723.0,96952.0,77.516487,106343.570312,37.799255,92200.992188,0.562425,75.0,99.0
2025-12-04T20:36:06.029610,111755.0,96948.0,87.348396,106397.6875,40.625137,92248.460938,0.53643,75.0,99.0
2025-12-04T20:36:06.031865,111755.0,96948.0,91.371834,106451.257812,39.990372,92295.460938,0.504793,75.0,99.0
2025-12-04T20:36:06.035235,111755.0,96948.0,88.905037,106504.296875,37.22084,92341.984375,0.482867,75.0,99.0
2025-12-04T20:36:06.037179,111755.0,96948.0,82.002205,106556.804688,33.106094,92388.046875,0.465637,75.0,99.0
2025-12-04T20:36:06.039210,111310.0,96773.0,42.353264,106604.335938,16.476227,92431.898438,0.448667,75.0,99.0
2025-12-04T20:36:06.041062,111310.0,96773.0,18.096443,106651.390625,8.017426,92475.3125,0.510955,75.0,99.0
2025-12-04T20:36:06.042804,111310.0,96773.0,59.693611,106697.976562,24.832855,92518.289062,0.479764,75.0,99.0
2025-12-04T20:36:06.044605,111310.0,96773.0,85.574959,106744.101562,35.25473,92560.835938,0.475103,75.0,99.0
2025-12-04T20:36:06.046598,111305.0,96733.0,99.203255,106789.710938,43.258606,92602.554688,0.502867,75.0,99.0
2025-12-04T20:36:06.048836,111305.0,96733.0,103.395638,106834.867188,49.091614,92643.859375,0.547522,75.0,99.0
2025-12-04T20:36:06.051090,111305.0,96733.0,100.350716,106879.570312,50.356262,92684.75,0.578655,75.0,99.0
2025-12-04T20:36:06.052995,111305.0,96733.0,92.376106,106923.828125,48.324524,92725.234375,0.603232,75.0,99.0
2025-12-04T20:36:06.054896,111696.0,96956.0,55.011833,106971.554688,29.04274,92767.539062,0.608771,75.0,99.0
2025-12-04T20:36:06.056608,111696.0,96956.0,0.918341,107018.796875,1.289779,92809.421875,1.619495,75.0,99.0
2025-12-04T20:36:06.058313,111696.0,96956.0,40.324593,107065.570312,22.615463,92850.890625,0.646695,75.0,99.0
2025-12-04T20:36:06.060201,111696.0,96956.0,65.785042,107111.875,36.348373,92891.945312,0.637114,75.0,99.0
2025-12-04T20:36:06.062402,110793.0,96436.0,19.016487,107148.6875,8.850246,92927.390625,0.536622,75.0,99.0
2025-12-04T20:36:06.064707,110793.0,96436.0,75.99572,107185.132812,46.140476,92962.476562,0.700035,75.0,99.0
2025-12-04T20:36:06.067180,110793.0,96436.0,138.616333,107221.210938,82.258644,92997.210938,0.684192,75.0,99.0
2025-12-04T20:36:06.069124,111001.0,96519.0,160.717468,107259.007812,97.365906,93032.429688,0.698463,75.0,99.0
2025-12-04T20:36:06.071048,111001.0,96519.0,152.948425,107296.429688,96.772156,93067.296875,0.729447,75.0,99.0
2025-12-04T20:36:06.079505,111001.0,96519.0,138.587585,107333.476562,90.735046,93101.8125,0.754793,75.0,99.0
2025-12-04T20:36:06.120870,111001.0,96519.0,120.409363,107370.15625,81.207703,93135.984375,0.777505,75.0,99.0
2025-12-04T20:36:06.161455,110966.0,96472.0,102.954376,107406.117188,72.94207,93169.34375,0.81675,75.0,99.0
2025-12-04T20:36:06.200879,110966.0,96472.0,87.023224,107441.71875,66.046074,93202.375,0.874899,75.0,99.0
2025-12-04T20:36:06.240132,110966.0,96472.0,70.730743,107476.960938,57.346363,93235.070312,0.934617,75.0,99.0
2025-12-04T20:36:06.281145,110966.0,96472.0,55.129181,107511.851562,47.879566,93267.4375,1.00114,75.0,99.0
2025-12-04T20:36:06.319723,111332.0,96656.0,16.232546,107550.054688,26.009302,93301.320312,1.846992,75.0,99.0
2025-12-04T20:36:06.359019,111332.0,96656.0,36.840698,107587.875,3.342261,93334.867188,0.104576,75.0,99.0
2025-12-04T20:36:06.399304,111332.0,96656.0,72.145386,107625.320312,23.856421,93368.078125,0.381165,75.0,99.0
2025-12-04T20:36:06.439576,111332.0,96656.0,92.864624,107662.390625,36.944801,93400.960938,0.458581,75.0,99.0
2025-12-04T20:36:06.479604,110830.0,96514.0,68.228149,107694.070312,34.455505,93432.09375,0.582091,75.0,99.0
2025-12-04T20:36:06.519459,110830.0,96514.0,13.022585,107725.429688,21.120058,93462.914062,1.869291,75.0,99.0
2025-12-04T20:36:06.558696,110830.0,96514.0,26.682005,107756.476562,10.485292,93493.421875,0.452923,75.0,99.0
2025-12-04T20:36:06.599105,110830.0,96514.0,53.144894,107787.210938,2.373476,93523.625,0.051472,75.0,99.0
2025-12-04T20:36:06.638224,110839.0,96448.0,68.122269,107817.726562,7.939412,93552.867188,0.134317,75.0,99.0
2025-12-04T20:36:06.679068,110839.0,96448.0,74.126663,107847.9375,19.206501,93581.820312,0.298603,75.0,99.0
2025-12-04T20:36:06.718420,110839.0,96448.0,74.05928,107877.851562,26.040485,93610.484375,0.405207,75.0,99.0
2025-12-04T20:36:06.757914,110839.0,96448.0,69.712112,107907.460938,29.350056,93638.859375,0.485172,75.0,99.0
2025-12-04T20:36:06.796783,110611.0,96262.0,77.977661,107934.5,42.527596,93665.09375,0.628468,75.0,99.0
2025-12-04T20:36:06.836147,110611.0,96262.0,94.661743,107961.265625,61.902107,93691.0625,0.75353,75.0,99.0
2025-12-04T20:36:06.875802,110611.0,96262.0,100.937134,107987.765625,71.977303,93716.773438,0.821678,75.0,99.0
2025-12-04T20:36:06.916033,110611.0,96262.0,99.504517,108014.0,74.906013,93742.226562,0.867399,75.0,99.0
2025-12-04T20:36:06.956548,111003.0,96427.0,66.273964,108043.890625,61.493179,93769.078125,1.069115,75.0,99.0
2025-12-04T20:36:06.997718,111003.0,96427.0,12.53861,108073.484375,37.329605,93795.65625,3.430366,75.0,99.0
2025-12-04T20:36:07.037033,111003.0,96427.0,26.101038,108102.78125,18.114273,93821.96875,0.799642,75.0,99.0
2025-12-04T20:36:07.077445,111003.0,96427.0,51.846645,108131.78125,3.505875,93848.023438,0.077912,75.0,99.0
2025-12-04T20:36:07.116744,111310.0,96634.0,87.708733,108163.5625,20.967133,93875.882812,0.275438,75.0,99.0
2025-12-04T20:36:07.156979,111310.0,96634.0,128.626694,108195.03125,50.97934,93903.46875,0.456656,75.0,99.0
2025-12-04T20:36:07.197470,111310.0,96634.0,150.027084,108226.179688,69.193207,93930.773438,0.531396,75.0,99.0
2025-12-04T20:36:07.236217,111310.0,96634.0,156.415268,108257.015625,78.026215,93957.804688,0.574757,75.0,99.0
2025-12-04T20:36:07.276184,111217.0,96846.0,145.567719,108286.617188,94.027901,93986.6875,0.744218,75.0,99.0
2025-12-04T20:36:07.315875,111217.0,96846.0,123.189789,108315.921875,114.15876,94015.28125,1.067649,75.0,99.0
2025-12-04T20:36:07.355785,111217.0,96846.0,100.249359,108344.9375,121.733467,94043.585938,1.398968,75.0,99.0
2025-12-04T20:36:07.395588,111217.0,96846.0,78.2435,108373.65625,120.009346,94071.609375,1.766981,75.0,99.0
2025-12-04T20:36:07.434665,111842.0,97269.0,100.33419,108408.34375,140.358841,94103.585938,1.611563,75.0,99.0
2025-12-04T20:36:07.475175,111842.0,97269.0,152.253632,108442.679688,175.100052,94135.242188,1.32485,75.0,99.0
2025-12-04T20:36:07.513738,111842.0,97269.0,180.044159,108476.671875,189.44429,94166.578125,1.21211,75.0,99.0
2025-12-04T20:36:07.553902,111842.0,97269.0,189.197968,108510.328125,188.565384,94197.601562,1.148092,75.0,99.0
2025-12-04T20:36:07.594868,112005.0,97320.0,195.666809,108545.273438,180.437241,94228.828125,1.062273,75.0,99.0
2025-12-04T20:36:07.633576,112005.0,97320.0,199.86554,108579.875,167.666733,94259.742188,0.966345,75.0,99.0
2025-12-04T20:36:07.673470,112005.0,97320.0,191.22345,108614.125,148.922104,94290.34375,0.897092,75.0,99.0
2025-12-04T20:36:07.715235,112005.0,97320.0,174.023743,108648.03125,127.051506,94320.640625,0.840981,75.0,99.0
2025-12-04T20:36:07.753344,111799.0,97168.0,137.889175,108679.539062,93.992149,94349.117188,0.785184,75.0,99.0
2025-12-04T20:36:07.794285,111799.0,97168.0,90.493675,108710.734375,54.957973,94377.304688,0.699548,75.0,99.0
2025-12-04T20:36:07.833523,111799.0,97168.0,51.800804,108741.617188,24.227503,94405.210938,0.538731,75.0,99.0
2025-12-04T20:36:12.018795,111799.0,97168.0,21.494652,108772.195312,1.140101,94432.835938,0.061095,85.0,100.0
2025-12-04T20:36:12.020978,111050.0,96847.0,51.658741,108794.976562,36.867531,94456.976562,0.822006,85.0,100.0
2025-12-04T20:36:12.022784,111050.0,96847.0,150.794479,108817.53125,83.195168,94480.875,0.63543,85.0,100.0
2025-12-04T20:36:12.024877,111050.0,96847.0,211.981491,108839.859375,111.04966,94504.539062,0.60333,85.0,100.0
2025-12-04T20:36:12.026934,111050.0,96847.0,242.842331,108861.960938,124.253761,94527.960938,0.589252,85.0,100.0
2025-12-04T20:36:12.028807,111550.0,97143.0,216.788528,108888.84375,106.388565,94554.109375,0.565147,85.0,100.0
2025-12-04T20:36:12.030830,111550.0,97143.0,152.092728,108915.453125,67.640518,94580.0,0.51214,85.0,100.0
2025-12-04T20:36:12.033180,111550.0,97143.0,97.618118,108941.796875,36.37587,94605.632812,0.429102,85.0,100.0
2025-12-04T20:36:12.035287,111550.0,97143.0,53.517532,108967.882812,12.205949,94631.007812,0.262628,85.0,100.0
2025-12-04T20:36:12.037949,111727.0,97251.0,7.356757,108995.476562,12.840451,94657.210938,2.009781,85.0,100.0
2025-12-04T20:36:12.039936,111727.0,97251.0,37.577324,109022.789062,37.0509,94683.148438,1.135318,85.0,100.0
2025-12-04T20:36:12.041891,111727.0,97251.0,67.097832,109049.835938,51.981075,94708.828125,0.892013,85.0,100.0
2025-12-04T20:36:12.043836,111727.0,97251.0,84.029472,109076.609375,59.4967,94734.25,0.815241,85.0,100.0
2025-12-04T20:36:12.045631,112208.0,97440.0,123.542351,109107.921875,74.093895,94761.304688,0.690545,85.0,100.0
2025-12-04T20:36:12.047680,112208.0,97440.0,176.692749,109138.921875,92.839989,94788.09375,0.604982,85.0,100.0
2025-12-04T20:36:12.049564,112208.0,97440.0,203.932495,109169.617188,100.675438,94814.617188,0.568412,85.0,100.0
2025-12-04T20:36:12.052391,112208.0,97440.0,211.310425,109200.0,100.358543,94840.875,0.54684,85.0,100.0
2025-12-04T20:36:12.054452,111636.0,97313.0,165.662521,109224.359375,85.741913,94865.59375,0.595909,85.0,100.0
2025-12-04T20:36:12.056288,111636.0,97313.0,85.254326,109248.476562,61.884495,94890.070312,0.835719,85.0,100.0
2025-12-04T20:36:12.058383,111636.0,97313.0,23.574638,109272.351562,41.45969,94914.296875,2.024695,85.0,100.0
2025-12-04T20:36:12.060434,111636.0,97313.0,21.310127,109295.992188,24.642796,94938.28125,1.331272,85.0,100.0
2025-12-04T20:36:12.062317,111981.0,97339.0,28.467747,109322.84375,13.10171,94962.289062,0.529828,85.0,100.0
2025-12-04T20:36:12.064105,111981.0,97339.0,8.592748,109349.429688,5.952784,94986.054688,0.797526,85.0,100.0
2025-12-04T20:36:12.066292,111981.0,97339.0,5.928249,109375.75,0.563624,95009.585938,0.10945,85.0,100.0
2025-12-04T20:36:12.068863,111981.0,97339.0,15.829127,109401.804688,3.270849,95032.882812,0.237878,85.0,100.0
2025-12-04T20:36:12.070656,111805.0,97192.0,10.022919,109425.835938,15.70191,95054.476562,1.803456,85.0,100.0
2025-12-04T20:36:12.072450,111805.0,97192.0,6.527863,109449.625,33.476322,95075.851562,5.903516,85.0,100.0
2025-12-04T20:36:12.074275,111805.0,97192.0,17.825714,109473.179688,44.072514,95097.015625,2.846176,85.0,100.0
2025-12-04T20:36:12.076299,111805.0,97192.0,24.761749,109496.5,48.989506,95117.96875,2.277505,85.0,100.0
2025-12-04T20:36:12.077883,111990.0,97228.0,15.73858,109521.4375,47.185143,95139.070312,3.451278,85.0,100.0
2025-12-04T20:36:12.079838,111990.0,97228.0,4.020209,109546.125,40.744225,95159.960938,11.667027,85.0,100.0
2025-12-04T20:36:12.081768,111990.0,97228.0,17.727242,109570.5625,33.834557,95180.640625,2.197175,85.0,100.0
2025-12-04T20:36:12.083870,111990.0,97228.0,26.368843,109594.757812,26.995199,95201.117188,1.178537,85.0,100.0
2025-12-04T20:36:12.085817,111293.0,97011.0,16.081562,109611.742188,35.240414,95219.21875,2.522582,85.0,100.0
2025-12-04T20:36:12.087672,111293.0,97011.0,92.113304,109628.554688,53.649593,95237.140625,0.670442,85.0,100.0
2025-12-04T20:36:12.089449,111293.0,97011.0,140.407242,109645.203125,63.523129,95254.882812,0.520769,85.0,100.0
2025-12-04T20:36:12.091163,111293.0,97011.0,166.327652,109661.679688,66.800964,95272.445312,0.462281,85.0,100.0
2025-12-04T20:36:12.093145,111201.0,96987.0,181.16391,109677.070312,66.853973,95289.59375,0.424743,85.0,100.0
2025-12-04T20:36:12.095073,111201.0,96987.0,187.318695,109692.3125,64.628876,95306.570312,0.397099,85.0,100.0
2025-12-04T20:36:12.097158,111201.0,96987.0,180.785004,109707.398438,59.306606,95323.375,0.377552,85.0,100.0
2025-12-04T20:36:12.098940,111201.0,96987.0,165.678558,109722.335938,52.107876,95340.015625,0.361957,85.0,100.0
2025-12-04T20:36:12.100646,111313.0,97024.0,137.846222,109738.242188,41.508026,95356.859375,0.346532,85.0,100.0
2025-12-04T20:36:12.102497,111313.0,97024.0,102.651405,109753.992188,29.123751,95373.53125,0.326494,85.0,100.0
2025-12-04T20:36:12.104192,111313.0,97024.0,71.860878,109769.585938,18.695528,95390.039062,0.299381,85.0,100.0
2025-12-04T20:36:12.105958,111313.0,97024.0,45.965366,109785.023438,10.253145,95406.382812,0.25668,85.0,100.0
2025-12-04T20:36:12.107658,111812.0,97253.0,8.633288,109805.296875,11.745381,95424.851562,1.565499,85.0,100.0
2025-12-04T20:36:12.109456,111812.0,97253.0,80.312973,109825.367188,42.031025,95443.132812,0.602202,85.0,100.0
2025-12-04T20:36:12.111184,111812.0,97253.0,126.221664,109845.234375,60.957783,95461.234375,0.555712,85.0,100.0
2025-12-04T20:36:12.113479,111812.0,97253.0,151.2827,109864.90625,70.771263,95479.15625,0.538292,85.0,100.0
2025-12-04T20:36:12.115329,111960.0,97338.0,170.164032,109885.859375,79.319412,95497.742188,0.536365,85.0,100.0
2025-12-04T20:36:12.117311,111960.0,97338.0,183.588837,109906.601562,86.478592,95516.148438,0.542013,85.0,100.0
2025-12-04T20:36:12.119046,111960.0,97338.0,182.400848,109927.132812,86.508865,95534.367188,0.545732,85.0,100.0
2025-12-04T20:36:12.120728,111960.0,97338.0,170.972626,109947.460938,81.507889,95552.40625,0.54855,85.0,100.0
2025-12-04T20:36:12.122351,111366.0,97140.0,112.914452,109961.648438,59.891003,95568.28125,0.610295,85.0,100.0
2025-12-04T20:36:12.124185,111366.0,97140.0,25.329,109975.695312,27.80653,95584.0,1.263107,85.0,100.0
2025-12-04T20:36:12.125952,111366.0,97140.0,37.935162,109989.601562,3.555553,95599.5625,0.107835,85.0,100.0
2025-12-04T20:36:12.128119,111366.0,97140.0,80.366798,110003.367188,13.760854,95614.96875,0.196992,85.0,100.0
2025-12-04T20:36:12.130140,111378.0,97094.0,104.827354,110017.117188,28.281765,95629.757812,0.310384,85.0,100.0
2025-12-04T20:36:12.132021,111378.0,97094.0,115.189171,110030.726562,39.98782,95644.398438,0.399365,85.0,100.0
2025-12-04T20:36:12.134333,111378.0,97094.0,115.811729,110044.203125,45.92532,95658.898438,0.456185,85.0,100.0
2025-12-04T20:36:12.136040,111378.0,97094.0,109.52755,110057.539062,47.447781,95673.25,0.498336,85.0,100.0
2025-12-04T20:36:12.137760,111917.0,97303.0,62.376682,110076.132812,31.668964,95689.546875,0.584037,85.0,100.0
2025-12-04T20:36:12.139493,111917.0,97303.0,10.868924,110094.539062,4.599629,95705.679688,0.486815,85.0,100.0
2025-12-04T20:36:12.141249,111917.0,97303.0,61.913845,110112.765625,14.765605,95721.65625,0.274341,85.0,100.0
2025-12-04T20:36:12.143064,111917.0,97303.0,94.331818,110130.8125,27.570782,95737.46875,0.336216,85.0,100.0
2025-12-04T20:36:12.144960,111943.0,97244.0,113.479698,110148.9375,31.024513,95752.53125,0.314497,85.0,100.0
2025-12-04T20:36:12.146929,111943.0,97244.0,122.154015,110166.882812,27.680275,95767.445312,0.260673,85.0,100.0
2025-12-04T20:36:12.148532,111943.0,97244.0,121.181847,110184.648438,23.713966,95782.210938,0.225114,85.0,100.0
2025-12-04T20:36:12.150224,111943.0,97244.0,113.460167,110202.234375,19.539162,95796.828125,0.198108,85.0,100.0
2025-12-04T20:36:12.151672,111443.0,97111.0,67.697372,110214.640625,6.488022,95809.96875,0.110248,85.0,100.0
2025-12-04T20:36:12.153451,111443.0,97111.0,2.246964,110226.921875,12.067642,95822.976562,6.177951,85.0,100.0
2025-12-04T20:36:12.155237,111443.0,97111.0,51.463272,110239.085938,24.458267,95835.859375,0.546683,85.0,100.0
2025-12-04T20:36:12.157031,111443.0,97111.0,83.198135,110251.125,31.779556,95848.609375,0.439371,85.0,100.0
2025-12-04T20:36:12.158671,111226.0,96950.0,115.394524,110260.875,45.959679,95859.625,0.458118,85.0,100.0
2025-12-04T20:36:12.160286,111226.0,96950.0,146.047836,110270.523438,64.155968,95870.53125,0.505262,85.0,100.0
2025-12-04T20:36:12.162220,111226.0,96950.0,159.194809,110280.078125,73.269249,95881.328125,0.529366,85.0,100.0
2025-12-04T20:36:12.164036,111226.0,96950.0,159.227524,110289.539062,75.44503,95892.015625,0.54496,85.0,100.0
2025-12-04T20:36:12.165923,111805.0,97160.0,110.949249,110304.695312,58.434208,95904.695312,0.605755,85.0,100.0
2025-12-04T20:36:12.167862,111805.0,97160.0,31.389679,110319.703125,28.87464,95917.25,1.058001,85.0,100.0
2025-12-04T20:36:12.169624,111805.0,97160.0,26.563446,110334.554688,6.343389,95929.679688,0.27466,85.0,100.0
2025-12-04T20:36:12.171313,111805.0,97160.0,65.908173,110349.257812,9.920772,95941.984375,0.173128,85.0,100.0
2025-12-04T20:36:12.173333,111538.0,97066.0,71.829254,110361.148438,14.478902,95953.226562,0.231841,85.0,100.0
2025-12-04T20:36:12.175238,111538.0,97066.0,53.825836,110372.921875,10.513082,95964.351562,0.224642,85.0,100.0
2025-12-04T20:36:12.177061,111538.0,97066.0,37.999176,110384.570312,7.10439,95975.367188,0.215031,85.0,100.0
2025-12-04T20:36:12.178914,111538.0,97066.0,24.627108,110396.109375,4.287007,95986.273438,0.20021,85.0,100.0
2025-12-04T20:36:12.181110,111144.0,96977.0,12.814038,110403.585938,3.953328,95996.179688,0.354818,85.0,100.0
2025-12-04T20:36:12.183347,111144.0,96977.0,65.063065,110410.992188,15.541219,96005.992188,0.274704,85.0,100.0
2025-12-04T20:36:12.184963,111144.0,96977.0,98.148514,110418.320312,22.814655,96015.703125,0.267319,85.0,100.0
2025-12-04T20:36:12.186805,111144.0,96977.0,115.792557,110425.578125,26.621784,96025.320312,0.264387,85.0,100.0
2025-12-04T20:36:12.188535,111086.0,96938.0,125.430542,110432.179688,30.393166,96034.445312,0.278639,85.0,100.0
2025-12-04T20:36:12.190242,111086.0,96938.0,128.860229,110438.71875,33.920021,96043.484375,0.302685,85.0,100.0
2025-12-04T20:36:12.191959,111086.0,96938.0,123.798218,110445.195312,34.439064,96052.429688,0.319871,85.0,100.0
2025-12-04T20:36:12.193680,111086.0,96938.0,113.03894,110451.601562,32.805763,96061.289062,0.333692,85.0,100.0
2025-12-04T20:36:12.195734,111478.0,97046.0,72.442184,110461.867188,22.463953,96071.140625,0.356545,85.0,100.0
2025-12-04T20:36:12.197630,111478.0,97046.0,13.152143,110472.03125,6.578211,96080.890625,0.575078,85.0,100.0
2025-12-04T20:36:12.199422,111478.0,97046.0,29.442097,110482.09375,5.011144,96090.539062,0.195695,85.0,100.0
2025-12-04T20:36:12.201202,111478.0,97046.0,57.784382,110492.054688,12.896886,96100.09375,0.256615,85.0,100.0
2025-12-04T20:36:12.202915,111213.0,96969.0,56.549847,110499.265625,12.517283,96108.78125,0.254493,85.0,100.0
2025-12-04T20:36:12.204621,111213.0,96969.0,34.520061,110506.40625,6.328319,96117.382812,0.210767,85.0,100.0
2025-12-04T20:36:12.206210,111213.0,96969.0,16.973677,110513.476562,1.59492,96125.898438,0.108028,85.0,100.0
2025-12-04T20:36:12.207841,111213.0,96969.0,3.60893,110520.476562,1.837209,96134.328125,0.585254,85.0,100.0
2025-12-04T20:36:12.209525,111085.0,96916.0,14.663528,110526.125,7.727279,96142.148438,0.605814,85.0,100.0
2025-12-04T20:36:12.211366,111085.0,96916.0,35.338333,110531.710938,15.009017,96149.890625,0.488252,85.0,100.0
2025-12-04T20:36:12.213448,111085.0,96916.0,47.873001,110537.242188,19.275131,96157.554688,0.462841,85.0,100.0
2025-12-04T20:36:12.215382,111085.0,96916.0,53.936478,110542.71875,21.165756,96165.140625,0.451091,85.0,100.0
2025-12-04T20:36:12.217262,111224.0,96970.0,45.70668,110549.53125,17.628151,96173.1875,0.443333,85.0,100.0
2025-12-04T20:36:12.218939,111224.0,96970.0,27.870253,110556.273438,10.466531,96181.15625,0.431673,85.0,100.0
2025-12-04T20:36:12.220630,111224.0,96970.0,13.668105,110562.953125,4.806374,96189.046875,0.404197,85.0,100.0
2025-12-04T20:36:12.222161,111224.0,96970.0,2.854628,110569.5625,0.534402,96196.859375,0.215176,85.0,100.0
2025-12-04T20:36:12.223814,111656.0,97146.0,34.080482,110580.429688,14.382648,96206.351562,0.485074,85.0,100.0
2025-12-04T20:36:12.254657,111656.0,97146.0,87.300697,110591.1875,35.943684,96215.75,0.473238,85.0,100.0
2025-12-04T20:36:12.294468,111656.0,97146.0,119.779701,110601.835938,49.068195,96225.054688,0.470859,85.0,100.0
2025-12-04T20:36:12.334409,111656.0,97146.0,135.739655,110612.375,55.47884,96234.265625,0.46978,85.0,100.0
2025-12-04T20:36:12.375459,111126.0,96948.0,103.367271,110617.515625,43.423965,96241.40625,0.482846,85.0,100.0
2025-12-04T20:36:12.414918,111126.0,96948.0,38.77499,110622.601562,19.041153,96248.476562,0.564406,85.0,100.0
2025-12-04T20:36:12.454651,111126.0,96948.0,9.047276,110627.632812,0.733536,96255.476562,0.093184,85.0,100.0
2025-12-04T20:36:12.495169,111126.0,96948.0,42.261143,110632.617188,12.225449,96262.40625,0.332468,85.0,100.0
2025-12-04T20:36:12.532309,111046.0,96883.0,68.637054,110636.75,25.043146,96268.609375,0.419319,85.0,100.0
2025-12-04T20:36:12.572262,111046.0,96883.0,88.657074,110640.84375,37.016781,96274.757812,0.479831,85.0,100.0
2025-12-04T20:36:12.614738,111046.0,96883.0,97.634125,110644.898438,43.315609,96280.84375,0.50984,85.0,100.0
2025-12-04T20:36:12.653681,111046.0,96883.0,98.298676,110648.914062,45.244808,96286.867188,0.528934,85.0,100.0
2025-12-04T20:36:12.694354,110824.0,96737.0,108.035469,110650.664062,53.827652,96291.367188,0.57254,85.0,100.0
2025-12-04T20:36:12.733569,110824.0,96737.0,123.607246,110652.398438,66.606461,96295.828125,0.619193,85.0,100.0
2025-12-04T20:36:12.772882,110824.0,96737.0,127.416817,110654.117188,71.754898,96300.242188,0.64709,85.0,100.0
2025-12-04T20:36:12.811688,110824.0,96737.0,122.706367,110655.820312,71.221207,96304.609375,0.666913,85.0,100.0
2025-12-04T20:36:12.851705,110986.0,96808.0,101.330856,110659.125,61.920162,96309.640625,0.702114,85.0,100.0
2025-12-04T20:36:12.891906,110986.0,96808.0,69.438766,110662.398438,46.973873,96314.625,0.777253,85.0,100.0
2025-12-04T20:36:12.932089,110986.0,96808.0,42.90654,110665.632812,33.7019,96319.5625,0.902463,85.0,100.0
2025-12-04T20:36:12.972379,110986.0,96808.0,21.696581,110668.835938,22.381588,96324.445312,1.185191,85.0,100.0
2025-12-04T20:36:13.012881,110740.0,96736.0,22.066456,110669.546875,17.952236,96328.5625,0.934672,85.0,100.0
2025-12-04T20:36:13.051635,110740.0,96736.0,37.640186,110670.25,18.642178,96332.640625,0.568987,85.0,100.0
2025-12-04T20:36:13.091038,110740.0,96736.0,46.442432,110670.945312,18.046963,96336.671875,0.446407,85.0,100.0
2025-12-04T20:36:13.130812,110740.0,96736.0,49.956593,110671.640625,16.579189,96340.664062,0.381239,85.0,100.0
2025-12-04T20:36:13.171133,110796.0,96758.0,45.75771,110672.882812,13.097126,96344.835938,0.328794,85.0,100.0
2025-12-04T20:36:13.210414,110796.0,96758.0,36.360737,110674.117188,8.396442,96348.96875,0.265254,85.0,100.0
2025-12-04T20:36:13.250735,110796.0,96758.0,27.619526,110675.335938,4.592731,96353.0625,0.191003,85.0,100.0
2025-12-04T20:36:13.291702,110796.0,96758.0,19.84853,110676.546875,1.642536,96357.109375,0.095051,85.0,100.0
2025-12-04T20:36:13.330495,111039.0,96921.0,3.178354,110680.171875,11.52943,96362.75,4.166451,85.0,100.0
2025-12-04T20:36:13.369839,111039.0,96921.0,35.631477,110683.757812,31.148083,96368.335938,1.004031,85.0,100.0
2025-12-04T20:36:13.410635,111039.0,96921.0,56.459602,110687.3125,43.181286,96373.867188,0.878408,85.0,100.0
2025-12-04T20:36:13.450481,111039.0,96921.0,67.876595,110690.828125,49.164196,96379.335938,0.831872,85.0,100.0
2025-12-04T20:36:13.490181,111870.0,97262.0,128.0457,110702.617188,73.533142,96388.164062,0.659557,85.0,100.0
2025-12-04T20:36:13.530431,111870.0,97262.0,219.117477,110714.289062,109.458923,96396.90625,0.57374,85.0,100.0
2025-12-04T20:36:13.569789,111870.0,97262.0,270.648224,110725.84375,128.450134,96405.554688,0.5451,85.0,100.0
2025-12-04T20:36:13.608316,111870.0,97262.0,291.290314,110737.289062,134.391052,96414.117188,0.529904,85.0,100.0
2025-12-04T20:36:13.647982,111461.0,97141.0,261.35199,110744.523438,122.617638,96421.390625,0.53886,85.0,100.0
2025-12-04T20:36:13.687546,111461.0,97141.0,197.466248,110751.6875,99.030235,96428.585938,0.575996,85.0,100.0
2025-12-04T20:36:13.728558,111461.0,97141.0,140.92865,110758.78125,76.639122,96435.710938,0.624585,85.0,100.0
2025-12-04T20:36:13.768767,111461.0,97141.0,92.857857,110765.804688,56.392052,96442.765625,0.697486,85.0,100.0
2025-12-04T20:36:13.808380,111262.0,97073.0,40.128105,110770.765625,34.246498,96449.070312,0.980155,85.0,100.0
2025-12-04T20:36:13.848724,111262.0,97073.0,12.827461,110775.679688,12.04728,96455.3125,1.078615,85.0,100.0
2025-12-04T20:36:13.887570,111262.0,97073.0,49.443672,110780.546875,4.314048,96461.492188,0.100204,85.0,100.0
2025-12-04T20:36:13.927779,111262.0,97073.0,72.406563,110785.359375,15.607017,96467.609375,0.247539,85.0,100.0
2025-12-04T20:36:13.969379,111105.0,96994.0,94.99411,110788.554688,27.997507,96472.875,0.338464,85.0,100.0
2025-12-04T20:36:14.008244,111105.0,96994.0,116.004852,110791.71875,40.442818,96478.085938,0.400354,85.0,100.0
2025-12-04T20:36:14.047728,111105.0,96994.0,124.093231,110794.851562,46.874947,96483.242188,0.433771,85.0,100.0
2025-12-04T20:36:20.857820,111105.0,96994.0,122.594696,110797.953125,48.691353,96488.351562,0.456076,94.0,100.0
2025-12-04T20:36:20.860153,111465.0,97106.0,90.135506,110804.625,39.590954,96494.53125,0.504377,94.0,100.0
2025-12-04T20:36:20.862187,111465.0,97106.0,37.717537,110811.226562,23.317028,96500.648438,0.709878,94.0,100.0
2025-12-04T20:36:20.863898,111465.0,97106.0,1.454338,110817.765625,10.482067,96506.703125,8.27625,94.0,100.0
2025-12-04T20:36:20.865968,111465.0,97106.0,29.006584,110824.242188,0.818005,96512.695312,0.032382,94.0,100.0
2025-12-04T20:36:20.867705,111348.0,97097.0,38.869202,110829.484375,5.440621,96518.539062,0.160726,94.0,100.0
2025-12-04T20:36:20.869699,111348.0,97097.0,35.678772,110834.671875,8.933296,96524.328125,0.287502,94.0,100.0
2025-12-04T20:36:20.871501,111348.0,97097.0,31.356504,110839.804688,10.879097,96530.054688,0.398381,94.0,100.0
2025-12-04T20:36:20.873252,111348.0,97097.0,26.486876,110844.890625,11.620308,96535.726562,0.503749,94.0,100.0
2025-12-04T20:36:20.875160,111108.0,97018.0,5.324467,110847.523438,6.139975,96540.546875,1.324057,94.0,100.0
2025-12-04T20:36:20.877005,111108.0,97018.0,26.104244,110850.132812,3.411783,96545.320312,0.150064,94.0,100.0
2025-12-04T20:36:20.878770,111108.0,97018.0,46.762447,110852.710938,9.952799,96550.046875,0.244367,94.0,100.0
2025-12-04T20:36:20.880899,111108.0,97018.0,58.622311,110855.265625,13.989908,96554.726562,0.27399,94.0,100.0
2025-12-04T20:36:20.883232,111538.0,97198.0,34.580902,110862.09375,3.884092,96561.164062,0.128954,94.0,100.0
2025-12-04T20:36:20.886213,111538.0,97198.0,13.394197,110868.851562,15.612978,96567.53125,1.338282,94.0,100.0
2025-12-04T20:36:20.888328,111538.0,97198.0,46.46402,110875.546875,28.462099,96573.835938,0.703277,94.0,100.0
2025-12-04T20:36:20.890489,111538.0,97198.0,67.098297,110882.171875,35.875183,96580.078125,0.613842,94.0,100.0
2025-12-04T20:36:20.892528,111892.0,97269.0,101.64006,110892.273438,43.81197,96586.96875,0.494892,94.0,100.0
2025-12-04T20:36:20.894542,111892.0,97269.0,143.987717,110902.273438,51.657673,96593.789062,0.411908,94.0,100.0
2025-12-04T20:36:20.896507,111892.0,97269.0,165.504807,110912.171875,54.193806,96600.539062,0.375957,94.0,100.0
2025-12-04T20:36:20.898457,111892.0,97269.0,171.076096,110921.96875,52.836872,96607.226562,0.354614,94.0,100.0
2025-12-04T20:36:20.900541,111960.0,97253.0,169.660614,110932.351562,47.732685,96613.6875,0.323039,94.0,100.0
2025-12-04T20:36:20.902383,111960.0,97253.0,163.398407,110942.632812,40.281025,96620.078125,0.283063,94.0,100.0
2025-12-04T20:36:20.904502,111960.0,97253.0,149.493622,110952.804688,32.684834,96626.40625,0.251053,94.0,100.0
2025-12-04T20:36:20.906192,111960.0,97253.0,131.003876,110962.875,25.427998,96632.671875,0.222885,94.0,100.0
2025-12-04T20:36:20.907696,111089.0,96939.0,51.599457,110964.140625,2.349148,96635.734375,0.052277,94.0,100.0
2025-12-04T20:36:20.909448,111089.0,96939.0,66.171539,110965.390625,42.991238,96638.765625,0.74601,94.0,100.0
2025-12-04T20:36:20.911249,111089.0,96939.0,145.419586,110966.625,69.168976,96641.765625,0.546155,94.0,100.0
2025-12-04T20:36:20.913486,111089.0,96939.0,192.88736,110967.851562,83.622101,96644.742188,0.497779,94.0,100.0
2025-12-04T20:36:20.915533,111220.0,96950.0,206.341736,110970.375,88.221886,96647.796875,0.490913,94.0,100.0
2025-12-04T20:36:20.918013,111220.0,96950.0,195.017517,110972.875,85.602745,96650.820312,0.503994,94.0,100.0
2025-12-04T20:36:20.919920,111220.0,96950.0,175.705505,110975.34375,78.784874,96653.8125,0.514831,94.0,100.0
2025-12-04T20:36:20.921544,111220.0,96950.0,151.878845,110977.789062,69.400597,96656.773438,0.52465,94.0,100.0
2025-12-04T20:36:20.923172,111331.0,96903.0,118.762894,110981.320312,61.920605,96659.234375,0.598633,94.0,100.0
2025-12-04T20:36:20.925188,111331.0,96903.0,81.016312,110984.820312,56.218945,96661.671875,0.796745,94.0,100.0
2025-12-04T20:36:20.927090,111331.0,96903.0,49.681835,110988.28125,48.932812,96664.085938,1.130875,94.0,100.0
2025-12-04T20:36:20.929030,111331.0,96903.0,24.690138,110991.710938,40.951366,96666.476562,1.904406,94.0,100.0
2025-12-04T20:36:20.930867,111342.0,96852.0,4.882211,110995.210938,36.383282,96668.335938,8.556681,94.0,100.0
2025-12-04T20:36:20.932691,111342.0,96852.0,10.117788,110998.679688,34.488262,96670.171875,3.913912,94.0,100.0
2025-12-04T20:36:20.934349,111342.0,96852.0,20.112906,111002.117188,31.148909,96671.992188,1.778274,94.0,100.0
2025-12-04T20:36:20.936100,111342.0,96852.0,25.997183,111005.515625,26.984358,96673.796875,1.19185,94.0,100.0
2025-12-04T20:36:20.937772,110726.0,96640.0,12.913173,111002.71875,36.779991,96673.460938,3.270431,94.0,100.0
2025-12-04T20:36:20.939474,110726.0,96640.0,81.167564,110999.953125,55.856163,96673.125,0.790143,94.0,100.0
2025-12-04T20:36:20.941147,110726.0,96640.0,124.609947,110997.210938,66.071983,96672.796875,0.608797,94.0,100.0
2025-12-04T20:36:20.943241,110726.0,96640.0,148.024994,110994.5,69.443565,96672.46875,0.538636,94.0,100.0
2025-12-04T20:36:20.945224,110786.0,96641.0,151.903458,110992.414062,67.722794,96672.15625,0.511869,94.0,100.0
2025-12-04T20:36:20.947088,110786.0,96641.0,141.773087,110990.351562,62.509899,96671.84375,0.506221,94.0,100.0
2025-12-04T20:36:20.949064,110786.0,96641.0,126.394669,110988.3125,55.20277,96671.539062,0.50143,94.0,100.0
2025-12-04T20:36:20.950898,110786.0,96641.0,108.206192,110986.289062,46.842419,96671.234375,0.497003,94.0,100.0
2025-12-04T20:36:20.952709,111167.0,96739.0,63.390984,110988.09375,31.61364,96671.914062,0.572563,94.0,100.0
2025-12-04T20:36:20.954447,111167.0,96739.0,2.391962,110989.882812,12.423209,96672.585938,5.962929,94.0,100.0
2025-12-04T20:36:20.956098,111167.0,96739.0,40.783333,110991.65625,1.837533,96673.25,0.051729,94.0,100.0
2025-12-04T20:36:20.957966,111167.0,96739.0,68.876595,110993.414062,11.792123,96673.90625,0.196566,94.0,100.0
2025-12-04T20:36:20.959890,111129.0,96755.0,82.134583,110994.773438,19.210274,96674.71875,0.268533,94.0,100.0
2025-12-04T20:36:20.961951,111129.0,96755.0,84.156555,110996.117188,24.408028,96675.523438,0.332994,94.0,100.0
2025-12-04T20:36:20.964040,111129.0,96755.0,80.696594,110997.445312,26.658028,96676.320312,0.379285,94.0,100.0
2025-12-04T20:36:20.966082,111129.0,96755.0,73.570129,110998.765625,26.697578,96677.109375,0.416644,94.0,100.0
2025-12-04T20:36:20.967954,110973.0,96716.0,53.747303,110998.507812,22.544851,96677.5,0.481596,94.0,100.0
2025-12-04T20:36:20.969827,110973.0,96716.0,26.117908,110998.25,15.675221,96677.882812,0.689071,94.0,100.0
2025-12-04T20:36:20.971662,110973.0,96716.0,5.10863,110998.0,9.918386,96678.265625,2.229065,94.0,100.0
2025-12-04T20:36:20.973220,110973.0,96716.0,10.010022,110997.75,5.281178,96678.640625,0.605731,94.0,100.0
2025-12-04T20:36:20.974807,110964.0,96672.0,20.70208,110997.414062,1.264978,96678.578125,0.070154,94.0,100.0
2025-12-04T20:36:20.976435,110964.0,96672.0,27.650322,110997.078125,8.778162,96678.515625,0.364489,94.0,100.0
2025-12-04T20:36:20.978444,110964.0,96672.0,30.946709,110996.75,13.569178,96678.453125,0.503407,94.0,100.0
2025-12-04T20:36:20.980498,110964.0,96672.0,31.475517,110996.421875,16.160975,96678.390625,0.589487,94.0,100.0
2025-12-04T20:36:20.982266,111345.0,96801.0,4.32047,110999.90625,8.349381,96679.617188,2.218763,94.0,100.0
2025-12-04T20:36:20.983887,111345.0,96801.0,40.789394,111003.359375,6.348372,96680.828125,0.178694,94.0,100.0
2025-12-04T20:36:20.985434,111345.0,96801.0,70.24691,111006.773438,16.34935,96682.03125,0.267225,94.0,100.0
2025-12-04T20:36:20.987177,111345.0,96801.0,86.951012,111010.15625,22.456284,96683.21875,0.296534,94.0,100.0
2025-12-04T20:36:20.988900,110786.0,96634.0,55.980335,111007.914062,14.196136,96682.726562,0.291165,94.0,100.0
2025-12-04T20:36:20.990555,110786.0,96634.0,6.827771,111005.695312,3.720368,96682.242188,0.625613,94.0,100.0
2025-12-04T20:36:20.992438,110786.0,96634.0,50.743786,111003.5,16.145172,96681.757812,0.365302,94.0,100.0
2025-12-04T20:36:20.994311,110786.0,96634.0,78.781387,111001.328125,23.973785,96681.28125,0.349381,94.0,100.0
2025-12-04T20:36:20.996087,110822.0,96613.0,91.560028,110999.539062,29.522182,96680.601562,0.37019,94.0,100.0
2025-12-04T20:36:20.997880,110822.0,96613.0,92.831024,110997.765625,33.13937,96679.929688,0.409854,94.0,100.0
2025-12-04T20:36:20.999915,110822.0,96613.0,88.33786,110996.007812,33.7673,96679.257812,0.438857,94.0,100.0
2025-12-04T20:36:21.001658,110822.0,96613.0,80.039032,110994.265625,32.25021,96678.59375,0.462595,94.0,100.0
2025-12-04T20:36:21.003162,110839.0,96594.0,68.390335,110992.710938,30.588989,96677.75,0.513498,94.0,100.0
2025-12-04T20:36:21.004964,110839.0,96594.0,55.054398,110991.171875,28.922974,96676.914062,0.603138,94.0,100.0
2025-12-04T20:36:21.006468,110839.0,96594.0,42.448929,110989.648438,26.068481,96676.085938,0.705038,94.0,100.0
2025-12-04T20:36:21.008251,110839.0,96594.0,31.091509,110988.140625,22.541138,96675.265625,0.832329,94.0,100.0
2025-12-04T20:36:21.009786,111203.0,96714.0,3.280081,110990.289062,10.649631,96675.65625,3.727502,94.0,100.0
2025-12-04T20:36:21.011583,111203.0,96714.0,51.892872,110992.414062,6.452909,96676.039062,0.142765,94.0,100.0
2025-12-04T20:36:21.013533,111203.0,96714.0,83.177055,110994.523438,18.144316,96676.421875,0.250448,94.0,100.0
2025-12-04T20:36:21.015319,111203.0,96714.0,100.419243,110996.609375,25.33914,96676.796875,0.289709,94.0,100.0
2025-12-04T20:36:21.016852,110774.0,96570.0,77.814911,110994.382812,19.230072,96675.726562,0.283728,94.0,100.0
2025-12-04T20:36:21.018345,110774.0,96570.0,28.410618,110992.179688,4.089447,96674.671875,0.165258,94.0,100.0
2025-12-04T20:36:21.020051,110774.0,96570.0,8.094753,110990.0,6.829986,96673.625,0.968706,94.0,100.0
2025-12-04T20:36:21.021542,110774.0,96570.0,33.380398,110987.84375,14.137115,96672.585938,0.48623,94.0,100.0
2025-12-04T20:36:21.023001,110441.0,96418.0,71.74437,110982.375,28.724789,96670.039062,0.459654,94.0,100.0
2025-12-04T20:36:21.024579,110441.0,96418.0,117.108139,110976.960938,47.601742,96667.523438,0.466646,94.0,100.0
2025-12-04T20:36:21.026219,110441.0,96418.0,142.314194,110971.601562,58.155941,96665.03125,0.469125,94.0,100.0
2025-12-04T20:36:21.028243,110441.0,96418.0,151.83519,110966.296875,62.225765,96662.5625,0.470469,94.0,100.0
2025-12-04T20:36:21.029962,110453.0,96360.0,148.92807,110961.164062,65.396957,96659.539062,0.504089,94.0,100.0
2025-12-04T20:36:21.031720,110453.0,96360.0,137.421234,110956.085938,67.749985,96656.546875,0.565946,94.0,100.0
2025-12-04T20:36:21.033506,110453.0,96360.0,121.324066,110951.054688,65.476547,96653.585938,0.619516,94.0,100.0
2025-12-04T20:36:21.035265,110453.0,96360.0,102.922699,110946.078125,60.071278,96650.648438,0.669982,94.0,100.0
2025-12-04T20:36:21.036920,110711.0,96398.0,66.560745,110943.726562,50.206707,96648.125,0.86587,94.0,100.0
2025-12-04T20:36:21.038568,110711.0,96398.0,19.638868,110941.398438,37.768719,96645.625,2.207635,94.0,100.0
2025-12-04T20:36:21.040326,110711.0,96398.0,14.605271,110939.09375,26.800945,96643.148438,2.106464,94.0,100.0
2025-12-04T20:36:21.041935,110711.0,96398.0,37.916794,110936.8125,17.507,96640.695312,0.530024,94.0,100.0
2025-12-04T20:36:21.044098,110772.0,96390.0,56.276684,110935.164062,10.473399,96638.1875,0.213639,94.0,100.0
2025-12-04T20:36:21.045794,110772.0,96390.0,70.076973,110933.53125,5.442637,96635.703125,0.089158,94.0,100.0
2025-12-04T20:36:21.047698,110772.0,96390.0,75.744942,110931.914062,1.576915,96633.25,0.023899,94.0,100.0
2025-12-04T20:36:21.049400,110772.0,96390.0,75.345528,110930.3125,1.241933,96630.820312,0.018922,94.0,100.0
2025-12-04T20:36:21.051118,110160.0,96165.0,29.406656,110922.609375,12.018999,96626.164062,0.469189,94.0,100.0
2025-12-04T20:36:21.053195,110160.0,96165.0,45.994221,110914.984375,35.853958,96621.554688,0.89485,94.0,100.0
2025-12-04T20:36:21.055131,110160.0,96165.0,96.520592,110907.4375,50.588333,96616.992188,0.601641,94.0,100.0
2025-12-04T20:36:21.057084,110160.0,96165.0,126.564049,110899.960938,58.046341,96612.476562,0.526457,94.0,100.0
2025-12-04T20:36:21.059204,110293.0,96203.0,131.440643,110893.890625,57.374645,96608.382812,0.501052,94.0,100.0
2025-12-04T20:36:21.061503,110293.0,96203.0,118.278046,110887.882812,51.006481,96604.328125,0.495004,94.0,100.0
2025-12-04T20:36:21.063227,110293.0,96203.0,102.124725,110881.9375,43.55238,96600.3125,0.489512,94.0,100.0
2025-12-04T20:36:21.065236,110325.0,96101.0,82.640961,110876.367188,42.645218,96595.320312,0.592322,94.0,100.0
2025-12-04T20:36:21.067280,110325.0,96101.0,61.93832,110870.851562,46.409866,96590.375,0.860071,94.0,100.0
2025-12-04T20:36:21.069355,109879.0,95924.0,73.82122,110860.9375,58.311363,96583.710938,0.906665,94.0,100.0
2025-12-04T20:36:21.071220,109879.0,95924.0,108.003838,110851.117188,75.262047,96577.117188,0.799839,94.0,100.0
2025-12-04T20:36:21.072942,109879.0,95924.0,125.849541,110841.398438,82.851402,96570.585938,0.755623,94.0,100.0
2025-12-04T20:36:21.097583,109879.0,95924.0,131.13324,110831.773438,83.395348,96564.117188,0.729924,94.0,100.0
2025-12-04T20:36:21.138268,109986.0,95980.0,120.029289,110823.320312,75.159843,96558.273438,0.718688,94.0,100.0
2025-12-04T20:36:21.179452,109986.0,95980.0,98.008781,110814.945312,61.208183,96552.492188,0.716769,94.0,100.0
2025-12-04T20:36:21.218285,109986.0,95980.0,76.782219,110806.65625,47.811211,96546.765625,0.714656,94.0,100.0
2025-12-04T20:36:21.258396,109986.0,95980.0,57.348625,110798.453125,35.583672,96541.101562,0.712113,94.0,100.0
2025-12-04T20:36:21.297657,110125.0,96032.0,30.931818,110791.71875,21.383127,96536.007812,0.793385,94.0,100.0
2025-12-04T20:36:21.338119,110125.0,96032.0,1.122247,110785.054688,6.61555,96530.96875,6.765378,94.0,100.0
2025-12-04T20:36:21.377766,110125.0,96032.0,19.974432,110778.453125,4.187673,96525.976562,0.240608,94.0,100.0
2025-12-04T20:36:21.417645,110125.0,96032.0,33.699043,110771.921875,11.566579,96521.039062,0.393908,94.0,100.0
2025-12-04T20:36:21.457327,110307.0,96097.0,53.702465,110767.273438,20.48584,96516.796875,0.437792,94.0,100.0
2025-12-04T20:36:21.496982,110307.0,96097.0,76.973946,110762.671875,29.973633,96512.601562,0.446895,94.0,100.0
2025-12-04T20:36:21.536880,110307.0,96097.0,88.923164,110758.117188,34.927246,96508.445312,0.450775,94.0,100.0
2025-12-04T20:36:21.576716,110307.0,96097.0,92.190742,110753.609375,36.394043,96504.328125,0.453058,94.0,100.0
2025-12-04T20:36:21.618082,109867.0,95948.0,59.463062,110744.742188,25.264595,96498.765625,0.487603,94.0,100.0
2025-12-04T20:36:21.657123,109867.0,95948.0,3.239919,110735.96875,5.894965,96493.257812,2.08804,94.0,100.0
2025-12-04T20:36:21.696475,109867.0,95948.0,36.614574,110727.28125,8.112847,96487.804688,0.254274,94.0,100.0
2025-12-04T20:36:21.736364,109867.0,95948.0,62.606762,110718.679688,17.524956,96482.40625,0.321224,94.0,100.0
2025-12-04T20:36:21.776866,110030.0,96018.0,66.314186,110711.796875,18.426134,96477.765625,0.318856,94.0,100.0
2025-12-04T20:36:21.817594,110030.0,96018.0,54.084209,110704.976562,13.270372,96473.171875,0.281561,94.0,100.0
2025-12-04T20:36:21.855977,110030.0,96018.0,42.315655,110698.226562,8.862169,96468.617188,0.240322,94.0,100.0
2025-12-04T20:36:21.894595,110030.0,96018.0,31.555887,110691.546875,5.237658,96464.109375,0.190461,94.0,100.0
2025-12-04T20:36:21.935778,110116.0,96040.0,16.331882,110685.789062,0.892314,96459.867188,0.062694,94.0,100.0
2025-12-04T20:36:21.975681,110116.0,96040.0,1.157863,110680.09375,3.709249,96455.671875,3.675958,94.0,100.0
2025-12-04T20:36:22.014910,110116.0,96040.0,13.430324,110674.453125,6.74001,96451.515625,0.575854,94.0,100.0
2025-12-04T20:36:22.054853,110116.0,96040.0,21.309231,110668.867188,8.486592,96447.398438,0.456984,94.0,100.0
2025-12-04T20:36:22.095328,110202.0,96040.0,31.431673,110664.203125,9.22585,96443.328125,0.336801,94.0,100.0
2025-12-04T20:36:22.134131,110202.0,96040.0,42.549347,110659.585938,9.21169,96439.296875,0.248417,94.0,100.0
2025-12-04T20:36:22.173281,110202.0,96040.0,47.922394,110655.007812,8.666768,96435.304688,0.207517,94.0,100.0
2025-12-04T20:36:22.214768,110202.0,96040.0,48.930695,110650.476562,7.779073,96431.351562,0.182424,94.0,100.0
2025-12-04T20:36:22.254640,110405.0,96115.0,60.49472,110648.023438,11.760093,96428.1875,0.223066,94.0,100.0
2025-12-04T20:36:22.295161,110405.0,96115.0,78.834564,110645.59375,18.945152,96425.054688,0.275756,94.0,100.0
2025-12-04T20:36:22.333835,110405.0,96115.0,87.196869,110643.1875,22.914391,96421.953125,0.301548,94.0,100.0
2025-12-04T20:36:22.374981,110405.0,96115.0,88.034271,110640.804688,24.384117,96418.882812,0.31784,94.0,100.0
2025-12-04T20:36:22.413536,109826.0,95871.0,44.457161,110632.65625,7.546124,96413.40625,0.194773,94.0,100.0
2025-12-04T20:36:22.452251,109826.0,95871.0,27.925161,110624.59375,21.23073,96407.984375,0.872384,94.0,100.0
2025-12-04T20:36:22.493010,109826.0,95871.0,77.370476,110616.609375,40.300068,96402.617188,0.597671,94.0,100.0
2025-12-04T20:36:22.534093,109826.0,95871.0,107.763054,110608.703125,51.413837,96397.304688,0.547437,94.0,100.0
2025-12-04T20:36:22.572560,109930.0,95894.0,115.93325,110601.914062,54.717834,96392.273438,0.541553,94.0,100.0
2025-12-04T20:36:22.611450,109930.0,95894.0,107.951317,110595.195312,52.320374,96387.289062,0.556108,94.0,100.0
2025-12-04T20:36:22.651265,109930.0,95894.0,96.052879,110588.546875,47.59137,96382.359375,0.5685,94.0,100.0
2025-12-04T20:36:22.690995,109930.0,95894.0,82.081688,110581.960938,41.49176,96377.476562,0.579995,94.0,100.0
2025-12-04T20:36:22.731673,110031.0,95914.0,60.646149,110576.453125,33.430252,96372.84375,0.632477,94.0,100.0
2025-12-04T20:36:22.772416,110031.0,95914.0,35.189117,110571.0,24.452713,96368.257812,0.797308,94.0,100.0
2025-12-04T20:36:22.812283,110031.0,95914.0,15.185699,110565.601562,16.698807,96363.71875,1.261703,94.0,100.0
2025-12-04T20:36:22.851998,110031.0,95914.0,0.191558,110560.257812,10.258865,96359.21875,61.44767,94.0,100.0
2025-12-04T20:36:22.893006,110237.0,95982.0,24.294071,110557.023438,0.532747,96355.445312,0.025161,94.0,100.0
2025-12-04T20:36:29.221188,110237.0,95982.0,54.054325,110553.828125,10.947233,96351.710938,0.232374,83.0,99.0
2025-12-04T20:36:29.223164,110237.0,95982.0,71.912239,110550.664062,18.4111,96348.015625,0.293762,83.0,99.0
2025-12-04T20:36:29.225677,110237.0,95982.0,80.336555,110547.53125,22.607878,96344.359375,0.322901,83.0,99.0
2025-12-04T20:36:29.227646,109793.0,95821.0,51.66571,110539.984375,13.396017,96339.125,0.297502,83.0,99.0
2025-12-04T20:36:29.229559,109793.0,95821.0,1.512025,110532.515625,4.74119,96333.945312,3.597817,83.0,99.0
2025-12-04T20:36:29.231257,109793.0,95821.0,38.9422,110525.125,17.262186,96328.820312,0.508604,83.0,99.0
2025-12-04T20:36:29.233438,109793.0,95821.0,63.088684,110517.804688,25.093729,96323.742188,0.456365,83.0,99.0
2025-12-04T20:36:29.235778,109884.0,95846.0,70.322815,110511.46875,27.475706,96318.96875,0.448279,83.0,99.0
2025-12-04T20:36:29.237982,109884.0,95846.0,65.205139,110505.195312,25.874632,96314.242188,0.455286,83.0,99.0
2025-12-04T20:36:29.239826,109884.0,95846.0,57.808655,110498.984375,23.242796,96309.5625,0.461301,83.0,99.0
2025-12-04T20:36:29.241675,109884.0,95846.0,49.233948,110492.835938,20.036741,96304.929688,0.466926,83.0,99.0
2025-12-04T20:36:29.243465,110004.0,95927.0,32.231113,110487.945312,11.147572,96301.148438,0.396815,83.0,99.0
2025-12-04T20:36:29.245553,110004.0,95927.0,10.269686,110483.109375,1.234752,96297.40625,0.137944,83.0,99.0
2025-12-04T20:36:29.248141,110004.0,95927.0,5.820646,110478.320312,9.898815,96293.703125,1.951152,83.0,99.0
2025-12-04T20:36:29.250117,110004.0,95927.0,16.834806,110473.578125,15.436901,96290.039062,1.052032,83.0,99.0
2025-12-04T20:36:29.251996,110290.0,96043.0,42.920471,110471.742188,26.272453,96287.570312,0.702291,83.0,99.0
2025-12-04T20:36:29.253674,110290.0,96043.0,78.124573,110469.929688,40.216301,96285.125,0.590608,83.0,99.0
2025-12-04T20:36:29.256487,110290.0,96043.0,98.425842,110468.132812,47.719231,96282.703125,0.556254,83.0,99.0
2025-12-04T20:36:29.259807,110290.0,96043.0,107.034241,110466.351562,50.24218,96280.304688,0.538565,83.0,99.0
2025-12-04T20:36:29.262376,110505.0,96096.0,121.396011,110466.742188,52.680103,96278.460938,0.497903,83.0,99.0
2025-12-04T20:36:29.265069,110505.0,96096.0,138.983414,110467.125,54.91692,96276.640625,0.453373,83.0,99.0
2025-12-04T20:36:29.267207,110505.0,96096.0,143.322281,110467.507812,53.306568,96274.835938,0.426765,83.0,99.0
2025-12-04T20:36:29.269228,110505.0,96096.0,138.062027,110467.882812,49.075123,96273.046875,0.407867,83.0,99.0
2025-12-04T20:36:29.271100,109840.0,95856.0,81.477219,110461.601562,27.050898,96268.875,0.380953,83.0,99.0
2025-12-04T20:36:29.272960,109840.0,95856.0,8.032545,110455.382812,6.247443,96264.75,0.892419,83.0,99.0
2025-12-04T20:36:29.274559,109840.0,95856.0,70.717117,110449.226562,29.377325,96260.664062,0.476652,83.0,99.0
2025-12-04T20:36:29.276598,109840.0,95856.0,110.836258,110443.132812,43.99012,96256.617188,0.455388,83.0,99.0
2025-12-04T20:36:29.278639,110078.0,95952.0,116.651527,110439.484375,45.270271,96253.570312,0.445277,83.0,99.0
2025-12-04T20:36:29.280875,110078.0,95952.0,97.926918,110435.867188,37.069099,96250.554688,0.434327,83.0,99.0
2025-12-04T20:36:29.283431,110078.0,95952.0,79.030922,110432.289062,29.130623,96247.570312,0.422921,83.0,99.0
2025-12-04T20:36:29.285360,110078.0,95952.0,61.111004,110428.75,21.838631,96244.617188,0.410026,83.0,99.0
2025-12-04T20:36:29.287284,110416.0,96069.0,22.120205,110428.625,7.533279,96242.859375,0.390758,83.0,99.0
2025-12-04T20:36:29.288891,110416.0,96069.0,29.472569,110428.5,10.889572,96241.125,0.423949,83.0,99.0
2025-12-04T20:36:29.290514,110416.0,96069.0,64.161049,110428.375,23.254807,96239.40625,0.415881,83.0,99.0
2025-12-04T20:36:29.292332,110416.0,96069.0,84.909096,110428.25,30.62883,96237.703125,0.413915,83.0,99.0
2025-12-04T20:36:29.295040,110771.0,96217.0,118.563721,110431.679688,44.036526,96237.5,0.426197,83.0,99.0
2025-12-04T20:36:29.298066,110771.0,96217.0,159.370361,110435.070312,60.922268,96237.296875,0.438664,83.0,99.0
2025-12-04T20:36:29.301187,110771.0,96217.0,178.907471,110438.429688,69.298248,96237.09375,0.4445,83.0,99.0
2025-12-04T20:36:29.303671,110771.0,96217.0,182.303955,110441.757812,71.18399,96236.890625,0.448103,83.0,99.0
2025-12-04T20:36:29.305756,110991.0,96271.0,188.956131,110447.25,72.024323,96237.234375,0.437452,83.0,99.0
2025-12-04T20:36:29.307863,110991.0,96271.0,197.519119,110452.6875,72.078033,96237.570312,0.418818,83.0,99.0
2025-12-04T20:36:29.310173,110991.0,96271.0,192.092361,110458.070312,67.931061,96237.90625,0.405891,83.0,99.0
2025-12-04T20:36:29.313003,110991.0,96271.0,177.110916,110463.398438,61.060947,96238.234375,0.395721,83.0,99.0
2025-12-04T20:36:29.315182,110007.0,95932.0,89.882385,110458.835938,29.801521,96235.171875,0.380566,83.0,99.0
2025-12-04T20:36:29.317074,110007.0,95932.0,43.253357,110454.320312,16.850334,96232.140625,0.447148,83.0,99.0
2025-12-04T20:36:29.318851,110007.0,95932.0,134.671814,110449.851562,48.785881,96229.140625,0.415792,83.0,99.0
2025-12-04T20:36:29.320683,110007.0,95932.0,191.350037,110445.421875,68.484612,96226.171875,0.410789,83.0,99.0
2025-12-04T20:36:29.322434,110112.0,95992.0,213.145157,110442.085938,74.359169,96223.828125,0.400416,83.0,99.0
2025-12-04T20:36:29.324298,110112.0,95992.0,209.063614,110438.789062,70.139442,96221.507812,0.385064,83.0,99.0
2025-12-04T20:36:29.326192,110112.0,95992.0,194.046036,110435.523438,63.089638,96219.210938,0.373164,83.0,99.0
2025-12-04T20:36:29.328986,110112.0,95992.0,172.184708,110432.289062,54.452431,96216.9375,0.362967,83.0,99.0
2025-12-04T20:36:29.331841,110403.0,96101.0,127.134819,110432.0,37.843948,96215.78125,0.341649,83.0,99.0
2025-12-04T20:36:29.333989,110403.0,96101.0,68.340874,110431.710938,16.575882,96214.632812,0.278387,83.0,99.0
2025-12-04T20:36:29.335784,110403.0,96101.0,22.892632,110431.421875,0.608597,96213.5,0.030513,83.0,99.0
2025-12-04T20:36:29.338131,110403.0,96101.0,10.500923,110431.140625,10.692184,96212.375,1.168691,83.0,99.0
2025-12-04T20:36:29.340128,110767.0,96202.0,58.004837,110434.5,24.85673,96212.273438,0.491874,83.0,99.0
2025-12-04T20:36:29.342024,110767.0,96202.0,112.705521,110437.828125,40.220009,96212.171875,0.409623,83.0,99.0
2025-12-04T20:36:29.344264,110767.0,96202.0,144.754349,110441.117188,48.723427,96212.070312,0.386374,83.0,99.0
2025-12-04T20:36:29.347263,110767.0,96202.0,158.960892,110444.375,51.893837,96211.96875,0.374749,83.0,99.0
2025-12-04T20:36:29.350036,110368.0,96065.0,132.840179,110443.609375,41.876099,96210.5,0.361872,83.0,99.0
2025-12-04T20:36:29.351992,110368.0,96065.0,79.784523,110442.851562,23.135376,96209.046875,0.332874,83.0,99.0
2025-12-04T20:36:29.354234,110368.0,96065.0,37.720554,110442.101562,8.570435,96207.609375,0.260825,83.0,99.0
2025-12-04T20:36:29.356245,110368.0,96065.0,5.853368,110441.359375,2.202514,96206.1875,0.431958,83.0,99.0
2025-12-04T20:36:29.358486,110014.0,95898.0,40.849041,110437.085938,20.939713,96203.109375,0.588457,83.0,99.0
2025-12-04T20:36:29.360328,110014.0,95898.0,95.306557,110432.859375,44.208755,96200.0625,0.532486,83.0,99.0
2025-12-04T20:36:29.362560,110014.0,95898.0,128.193771,110428.671875,58.058365,96197.039062,0.519898,83.0,99.0
2025-12-04T20:36:29.365979,110014.0,95898.0,143.953537,110424.523438,64.458755,96194.046875,0.514016,83.0,99.0
2025-12-04T20:36:29.368040,110076.0,95936.0,142.532043,110421.039062,62.668404,96191.46875,0.504721,83.0,99.0
2025-12-04T20:36:29.369861,110076.0,95936.0,129.071594,110417.585938,55.203072,96188.914062,0.49096,83.0,99.0
2025-12-04T20:36:29.371407,110076.0,95936.0,112.080872,110414.171875,46.730904,96186.382812,0.478612,83.0,99.0
2025-12-04T20:36:29.373033,110076.0,95936.0,93.586243,110410.789062,38.040474,96183.882812,0.466598,83.0,99.0
2025-12-04T20:36:29.374896,110285.0,96022.0,61.006161,110409.53125,23.898989,96182.265625,0.449694,83.0,99.0
2025-12-04T20:36:29.377032,110285.0,96022.0,20.380184,110408.289062,6.732974,96180.664062,0.379239,83.0,99.0
2025-12-04T20:36:29.379305,110285.0,96022.0,9.465518,110407.054688,5.76898,96179.078125,0.699634,83.0,99.0
2025-12-04T20:36:29.382029,110285.0,96022.0,29.972843,110405.835938,14.254819,96177.507812,0.545949,83.0,99.0
2025-12-04T20:36:29.385184,110563.0,96122.0,61.453434,110407.40625,26.159527,96176.953125,0.488665,83.0,99.0
2025-12-04T20:36:29.387008,110563.0,96122.0,98.848457,110408.960938,39.785015,96176.40625,0.462046,83.0,99.0
2025-12-04T20:36:29.389021,110563.0,96122.0,119.4925,110410.5,47.088238,96175.859375,0.452393,83.0,99.0
2025-12-04T20:36:29.391291,110563.0,96122.0,127.118965,110412.023438,49.506695,96175.320312,0.447102,83.0,99.0
2025-12-04T20:36:29.393327,109948.0,95904.0,83.633972,110407.382812,33.632988,96172.609375,0.461668,83.0,99.0
2025-12-04T20:36:29.396368,109948.0,95904.0,6.613463,110402.789062,5.776054,96169.921875,1.002635,83.0,99.0
2025-12-04T20:36:29.399287,109948.0,95904.0,48.10968,110398.242188,14.212715,96167.265625,0.33914,83.0,99.0
2025-12-04T20:36:29.401409,109948.0,95904.0,83.924622,110393.742188,27.490059,96164.632812,0.376024,83.0,99.0
2025-12-04T20:36:29.404976,110112.0,95946.0,93.257469,110390.929688,32.427933,96162.445312,0.399175,83.0,99.0
2025-12-04T20:36:29.407089,110112.0,95946.0,83.364891,110388.140625,31.195511,96160.28125,0.429572,83.0,99.0
2025-12-04T20:36:29.409202,110112.0,95946.0,71.545555,110385.382812,28.515335,96158.140625,0.457532,83.0,99.0
2025-12-04T20:36:29.412020,110112.0,95946.0,59.053364,110382.648438,24.968948,96156.023438,0.485378,83.0,99.0
2025-12-04T20:36:29.415929,110476.0,96081.0,22.25746,110383.585938,11.910828,96155.273438,0.614324,83.0,99.0
2025-12-04T20:36:29.418645,110476.0,96081.0,29.548204,110384.507812,7.099915,96154.53125,0.275842,83.0,99.0
2025-12-04T20:36:29.420883,110476.0,96081.0,64.382675,110385.421875,20.099915,96153.796875,0.358402,83.0,99.0
2025-12-04T20:36:29.425053,110476.0,96081.0,85.221054,110386.328125,28.104309,96153.070312,0.378598,83.0,99.0
2025-12-04T20:36:29.428372,110740.0,96161.0,112.783157,110389.867188,37.516357,96153.148438,0.381893,83.0,99.0
2025-12-04T20:36:29.431381,110740.0,96161.0,143.488724,110393.367188,47.374756,96153.226562,0.37906,83.0,99.0
2025-12-04T20:36:29.433657,110740.0,96161.0,156.821243,110396.835938,51.579346,96153.304688,0.377627,83.0,99.0
2025-12-04T20:36:29.435535,110740.0,96161.0,157.122513,110400.265625,51.551514,96153.382812,0.376711,83.0,99.0
2025-12-04T20:36:29.438106,109968.0,95880.0,96.136887,110395.945312,29.584373,96150.648438,0.353324,83.0,99.0
2025-12-04T20:36:29.439973,109968.0,95880.0,4.546709,110391.664062,6.586036,96147.945312,1.663119,83.0,99.0
2025-12-04T20:36:29.442632,109968.0,95880.0,75.317215,110387.429688,31.722755,96145.265625,0.48358,83.0,99.0
2025-12-04T20:36:29.446070,109968.0,95880.0,120.873856,110383.234375,47.615822,96142.617188,0.452279,83.0,99.0
2025-12-04T20:36:29.449073,110144.0,95910.0,134.124771,110380.84375,54.040894,96140.289062,0.462596,83.0,99.0
2025-12-04T20:36:29.450982,110144.0,95910.0,123.814232,110378.476562,53.412964,96137.984375,0.495297,83.0,99.0
2025-12-04T20:36:29.453663,110144.0,95910.0,109.350853,110376.132812,49.86853,96135.703125,0.523594,83.0,99.0
2025-12-04T20:36:29.455783,110144.0,95910.0,92.79763,110373.8125,44.472046,96133.445312,0.550227,83.0,99.0
2025-12-04T20:36:29.457758,110236.0,95965.0,69.524849,110372.4375,34.372845,96131.765625,0.567635,83.0,99.0
2025-12-04T20:36:29.460436,110236.0,95965.0,42.86274,110371.070312,21.541792,96130.101562,0.577029,83.0,99.0
2025-12-04T20:36:29.463819,110236.0,95965.0,21.563423,110369.71875,11.238568,96128.453125,0.5984,83.0,99.0
2025-12-04T20:36:29.466811,110236.0,95965.0,5.284126,110368.382812,3.316694,96126.820312,0.720663,83.0,99.0
2025-12-04T20:36:29.468604,110628.0,96097.0,32.950333,110370.976562,11.369141,96126.523438,0.396168,83.0,99.0
2025-12-04T20:36:29.470461,110628.0,96097.0,84.454727,110373.546875,29.974121,96126.226562,0.407517,83.0,99.0
2025-12-04T20:36:29.472793,110628.0,96097.0,115.888809,110376.09375,41.360352,96125.9375,0.409805,83.0,99.0
2025-12-04T20:36:29.475570,110628.0,96097.0,131.338028,110378.617188,46.992188,96125.648438,0.410848,83.0,99.0
2025-12-04T20:36:29.477797,109919.0,95813.0,86.786652,110374.023438,29.080008,96122.523438,0.384754,83.0,99.0
2025-12-04T20:36:29.480092,110811.0,96111.0,62.66037,110378.390625,15.698768,96122.40625,0.287695,83.0,99.0
2025-12-04T20:36:29.482181,110811.0,96111.0,102.171112,110382.71875,25.44828,96122.296875,0.286027,83.0,99.0
2025-12-04T20:36:29.483922,110811.0,96111.0,124.11496,110387.0,30.849159,96122.1875,0.285439,83.0,99.0
2025-12-04T20:36:29.485771,110811.0,96111.0,132.390839,110391.242188,32.86869,96122.078125,0.285125,83.0,99.0
2025-12-04T20:36:29.487644,110942.0,96160.0,139.379822,110396.75,35.690601,96122.460938,0.294093,83.0,99.0
2025-12-04T20:36:29.489370,110942.0,96160.0,145.055115,110402.203125,38.914722,96122.835938,0.308129,83.0,99.0
2025-12-04T20:36:29.503139,110942.0,96160.0,140.637146,110407.601562,38.929859,96123.210938,0.317946,83.0,99.0
2025-12-04T20:36:29.544002,110942.0,96160.0,129.354431,110412.945312,36.680347,96123.578125,0.325718,83.0,99.0
2025-12-04T20:36:29.584419,110122.0,95851.0,58.570896,110410.039062,12.11987,96120.851562,0.237688,83.0,99.0
2025-12-04T20:36:29.625493,110122.0,95851.0,50.082424,110407.15625,26.755617,96118.15625,0.613651,83.0,99.0
2025-12-04T20:36:29.664446,110122.0,95851.0,123.831451,110404.304688,52.629154,96115.484375,0.488189,83.0,99.0
2025-12-04T20:36:29.704701,110122.0,95851.0,168.673248,110401.484375,67.827881,96112.84375,0.461908,83.0,99.0
2025-12-04T20:36:29.743687,110242.0,95886.0,182.421875,110399.890625,72.251617,96110.578125,0.454955,83.0,99.0
2025-12-04T20:36:29.783386,110242.0,95886.0,173.435547,110398.3125,68.816559,96108.335938,0.455781,83.0,99.0
2025-12-04T20:36:29.822806,110242.0,95886.0,157.025879,110396.75,62.397614,96106.117188,0.456459,83.0,99.0
2025-12-04T20:36:29.862529,110242.0,95886.0,136.331543,110395.203125,54.246246,96103.914062,0.45707,83.0,99.0
2025-12-04T20:36:29.901674,110566.0,95999.0,91.960411,110396.914062,37.723408,96102.867188,0.471227,83.0,99.0
2025-12-04T20:36:29.943309,110566.0,95999.0,33.460899,110398.609375,16.253683,96101.828125,0.558015,83.0,99.0
2025-12-04T20:36:29.982827,110566.0,95999.0,9.754434,110400.28125,0.162374,96100.796875,0.019123,83.0,99.0
2025-12-04T20:36:30.023901,110566.0,95999.0,39.677284,110401.9375,11.19993,96099.78125,0.324286,83.0,99.0
2025-12-04T20:36:30.062705,110787.0,96072.0,73.392517,110405.789062,23.490864,96099.507812,0.367721,83.0,99.0
2025-12-04T20:36:30.102837,110787.0,96072.0,107.825623,110409.601562,35.722797,96099.234375,0.380636,83.0,99.0
2025-12-04T20:36:30.141694,110787.0,96072.0,125.858337,110413.375,42.27895,96098.960938,0.385963,83.0,99.0
2025-12-04T20:36:30.182458,110787.0,96072.0,131.273376,110417.109375,44.449848,96098.695312,0.389056,83.0,99.0
2025-12-04T20:36:30.222897,110400.0,95899.0,101.36692,110416.9375,31.731258,96096.703125,0.359682,83.0,99.0
2025-12-04T20:36:30.261864,110400.0,95899.0,48.276585,110416.765625,9.245907,96094.726562,0.220064,83.0,99.0
2025-12-04T20:36:30.301849,110400.0,95899.0,8.017307,110416.601562,7.154972,96092.773438,1.02547,83.0,99.0
2025-12-04T20:36:30.345843,110400.0,95899.0,20.851833,110416.4375,18.310734,96090.835938,1.009051,83.0,99.0
2025-12-04T20:36:30.381592,110055.0,95751.0,63.28064,110412.820312,35.10173,96087.4375,0.637398,83.0,99.0
2025-12-04T20:36:30.419432,110055.0,95751.0,112.812866,110409.242188,54.893723,96084.070312,0.559137,83.0,99.0
2025-12-04T20:36:30.459495,110055.0,95751.0,141.208862,110405.703125,65.67009,96080.742188,0.534393,83.0,99.0
2025-12-04T20:36:30.501026,110055.0,95751.0,153.043823,110402.195312,69.460617,96077.445312,0.52153,83.0,99.0
2025-12-04T20:36:30.541345,110073.0,95820.0,151.293976,110398.90625,63.447803,96074.875,0.481892,83.0,99.0
2025-12-04T20:36:30.580469,110073.0,95820.0,140.061066,110395.648438,50.867725,96072.328125,0.417329,83.0,99.0
2025-12-04T20:36:30.619843,110073.0,95820.0,124.004433,110392.421875,39.039112,96069.804688,0.361755,83.0,99.0
2025-12-04T20:36:30.660223,110073.0,95820.0,105.476601,110389.226562,28.427298,96067.304688,0.309692,83.0,99.0
2025-12-04T20:36:30.700125,110295.0,95901.0,71.305733,110388.289062,13.826214,96065.640625,0.22281,83.0,99.0
2025-12-04T20:36:30.740659,110295.0,95901.0,28.082098,110387.359375,2.741657,96063.992188,0.112187,83.0,99.0
2025-12-04T20:36:30.779387,110295.0,95901.0,4.043391,110386.4375,14.271442,96062.359375,4.055875,83.0,99.0
2025-12-04T20:36:30.819644,110295.0,95901.0,26.473566,110385.523438,21.577595,96060.75,0.936606,83.0,99.0
2025-12-04T20:36:30.859499,110229.0,95818.0,36.309605,110383.960938,19.880663,96058.320312,0.629188,83.0,99.0
2025-12-04T20:36:30.899344,110229.0,95818.0,36.688999,110382.414062,11.929979,96055.921875,0.373663,83.0,99.0
2025-12-04T20:36:30.938455,110229.0,95818.0,34.826694,110380.882812,5.627734,96053.546875,0.185696,83.0,99.0
2025-12-04T20:36:30.978711,110229.0,95818.0,31.490757,110379.367188,0.854296,96051.195312,0.031175,83.0,99.0
2025-12-04T20:36:31.019575,109774.0,95591.0,3.383031,110373.3125,17.876019,96046.59375,6.072212,83.0,99.0
2025-12-04T20:36:31.059176,109774.0,95591.0,58.482639,110367.320312,45.365276,96042.039062,0.891406,83.0,99.0
2025-12-04T20:36:31.099153,109774.0,95591.0,93.961159,110361.390625,62.12553,96037.53125,0.759798,83.0,99.0
2025-12-04T20:36:31.137664,109774.0,95591.0,113.536842,110355.515625,70.343307,96033.070312,0.711966,83.0,99.0
2025-12-04T20:36:31.185096,109861.0,95625.0,114.887466,110350.570312,69.763695,96028.992188,0.697797,83.0,99.0
2025-12-04T20:36:34.762621,109861.0,95625.0,103.301529,110345.671875,63.01125,96024.953125,0.700943,83.0,98.0
2025-12-04T20:36:34.764725,109861.0,95625.0,89.129654,110340.828125,54.588886,96020.953125,0.703805,83.0,98.0
2025-12-04T20:36:34.766531,109861.0,95625.0,73.955826,110336.03125,45.477558,96016.992188,0.706633,83.0,98.0
2025-12-04T20:36:34.768747,109703.0,95339.0,69.61425,110329.703125,55.70092,96010.210938,0.919474,83.0,98.0
2025-12-04T20:36:34.770591,109703.0,95339.0,73.166985,110323.4375,78.971916,96003.5,1.240333,83.0,98.0
2025-12-04T20:36:34.772590,109703.0,95339.0,71.425285,110317.234375,90.804924,95996.859375,1.460978,83.0,98.0
2025-12-04T20:36:34.775024,109703.0,95339.0,66.049797,110311.09375,93.881584,95990.28125,1.633431,83.0,98.0
2025-12-04T20:36:34.777276,110249.0,95621.0,21.591778,110310.476562,71.579414,95986.585938,3.809833,83.0,98.0
2025-12-04T20:36:34.779705,110249.0,95621.0,47.858418,110309.859375,32.666813,95982.929688,0.784456,83.0,98.0
2025-12-04T20:36:34.782100,110249.0,95621.0,94.078148,110309.25,3.316716,95979.3125,0.040519,83.0,98.0
2025-12-04T20:36:34.784784,110249.0,95621.0,121.224632,110308.648438,17.582697,95975.726562,0.166703,83.0,98.0
2025-12-04T20:36:34.787397,110484.0,95763.0,149.190872,110310.40625,40.885468,95973.601562,0.314986,83.0,98.0
2025-12-04T20:36:34.789235,110484.0,95763.0,176.111771,110312.140625,64.530975,95971.5,0.421173,83.0,98.0
2025-12-04T20:36:34.791197,110484.0,95763.0,184.879837,110313.859375,77.466522,95969.414062,0.481639,83.0,98.0
2025-12-04T20:36:34.793677,110484.0,95763.0,180.331497,110315.5625,82.095428,95967.351562,0.523312,83.0,98.0
2025-12-04T20:36:34.796273,109749.0,95455.0,117.072678,110309.898438,59.818718,95962.226562,0.587348,83.0,98.0
2025-12-04T20:36:34.798362,109749.0,95455.0,16.065353,110304.289062,19.852896,95957.15625,1.420524,83.0,98.0
2025-12-04T20:36:34.800722,109749.0,95455.0,56.130447,110298.734375,9.496224,95952.132812,0.194477,83.0,98.0
2025-12-04T20:36:34.802456,109749.0,95455.0,103.807205,110293.234375,29.651499,95947.164062,0.328349,83.0,98.0
2025-12-04T20:36:34.804134,110307.0,95743.0,93.777031,110293.375,22.722916,95945.125,0.278544,83.0,98.0
2025-12-04T20:36:34.806386,110307.0,95743.0,43.615894,110293.515625,2.91185,95943.101562,0.076747,83.0,98.0
2025-12-04T20:36:34.807965,110307.0,95743.0,5.694021,110293.648438,20.828842,95941.101562,4.205251,83.0,98.0
2025-12-04T20:36:34.810327,110307.0,95743.0,21.39094,110293.78125,32.260483,95939.125,1.733789,83.0,98.0
2025-12-04T20:36:34.813021,110448.0,95832.0,48.768833,110295.328125,44.456383,95938.054688,1.047992,83.0,98.0
2025-12-04T20:36:34.815842,110448.0,95832.0,74.763947,110296.859375,56.483727,95936.992188,0.868577,83.0,98.0
2025-12-04T20:36:34.818258,110448.0,95832.0,88.76297,110298.375,61.689781,95935.945312,0.799041,83.0,98.0
2025-12-04T20:36:34.820371,110448.0,95832.0,93.485626,110299.875,61.780602,95934.90625,0.759811,83.0,98.0
2025-12-04T20:36:34.822019,110676.0,95954.0,106.769241,110303.640625,66.487198,95935.101562,0.715985,83.0,98.0
2025-12-04T20:36:34.824015,110676.0,95954.0,125.321487,110307.367188,74.177139,95935.289062,0.680567,83.0,98.0
2025-12-04T20:36:34.826132,110676.0,95954.0,131.134476,110311.054688,75.295792,95935.476562,0.660228,83.0,98.0
2025-12-04T20:36:34.828867,110676.0,95954.0,127.62178,110314.703125,71.713272,95935.664062,0.646142,83.0,98.0
2025-12-04T20:36:34.831151,110004.0,95682.0,72.404144,110311.59375,46.67403,95933.125,0.74125,83.0,98.0
2025-12-04T20:36:34.833209,110004.0,95682.0,16.08658,110308.515625,7.950399,95930.617188,0.568299,83.0,98.0
2025-12-04T20:36:34.835051,110004.0,95682.0,77.584625,110305.46875,19.831339,95928.132812,0.293919,83.0,98.0
2025-12-04T20:36:34.836801,110004.0,95682.0,116.467926,110302.453125,38.28056,95925.671875,0.377939,83.0,98.0
2025-12-04T20:36:34.838672,110000.0,95704.0,137.409134,110299.429688,47.590488,95923.453125,0.398247,83.0,98.0
2025-12-04T20:36:34.841018,110000.0,95704.0,144.47554,110296.4375,49.911289,95921.257812,0.397238,83.0,98.0
2025-12-04T20:36:34.843036,110000.0,95704.0,141.072708,110293.476562,48.651035,95919.085938,0.396546,83.0,98.0
2025-12-04T20:36:34.845963,110000.0,95704.0,130.4814,110290.539062,44.937168,95916.9375,0.396004,83.0,98.0
2025-12-04T20:36:34.848201,110111.0,95734.0,107.945526,110288.742188,37.684505,95915.109375,0.401423,83.0,98.0
2025-12-04T20:36:34.850174,110111.0,95734.0,78.291229,110286.96875,28.355892,95913.296875,0.416462,83.0,98.0
2025-12-04T20:36:34.851988,110111.0,95734.0,52.823944,110285.210938,20.127865,95911.507812,0.438141,83.0,98.0
2025-12-04T20:36:34.853652,110111.0,95734.0,31.789764,110283.46875,13.153744,95909.734375,0.475784,83.0,98.0
2025-12-04T20:36:34.855389,110474.0,95851.0,9.382045,110285.375,0.422605,95909.148438,0.051796,83.0,98.0
2025-12-04T20:36:34.857806,110474.0,95851.0,62.370815,110287.265625,17.868895,95908.570312,0.329446,83.0,98.0
2025-12-04T20:36:34.860079,110474.0,95851.0,96.134483,110289.132812,29.140379,95907.992188,0.348573,83.0,98.0
2025-12-04T20:36:34.863256,110474.0,95851.0,114.374229,110290.984375,35.401119,95907.421875,0.35594,83.0,98.0
2025-12-04T20:36:34.865206,110653.0,95944.0,132.676758,110294.609375,44.036278,95907.789062,0.381695,83.0,98.0
2025-12-04T20:36:34.867063,110653.0,95944.0,149.960938,110298.195312,53.84536,95908.148438,0.412936,83.0,98.0
2025-12-04T20:36:34.868840,110653.0,95944.0,153.44873,110301.742188,57.639793,95908.507812,0.432001,83.0,98.0
2025-12-04T20:36:34.870690,110653.0,95944.0,147.000488,110305.257812,56.970848,95908.867188,0.445729,83.0,98.0
2025-12-04T20:36:34.872434,109718.0,95511.0,70.845337,110299.382812,23.983419,95904.890625,0.389343,83.0,98.0
2025-12-04T20:36:34.874439,109718.0,95511.0,50.067753,110293.570312,29.890116,95900.953125,0.686589,83.0,98.0
2025-12-04T20:36:34.876571,109718.0,95511.0,132.467651,110287.8125,66.163551,95897.054688,0.574422,83.0,98.0
2025-12-04T20:36:34.878922,109718.0,95511.0,182.911499,110282.117188,87.91404,95893.195312,0.552757,83.0,98.0
2025-12-04T20:36:34.881692,110098.0,95719.0,182.247742,110280.273438,84.124557,95891.453125,0.530858,83.0,98.0
2025-12-04T20:36:34.883984,110098.0,95719.0,145.565125,110278.453125,62.536179,95889.726562,0.494075,83.0,98.0
2025-12-04T20:36:34.885969,110098.0,95719.0,111.233093,110276.648438,43.674362,95888.023438,0.451556,83.0,98.0
2025-12-04T20:36:34.888133,110098.0,95719.0,80.552917,110274.859375,27.8311,95886.335938,0.397346,83.0,98.0
2025-12-04T20:36:34.890032,110306.0,95816.0,40.199951,110275.171875,8.494482,95885.632812,0.243016,83.0,98.0
2025-12-04T20:36:34.892208,110306.0,95816.0,4.634032,110275.484375,12.184229,95884.9375,3.023901,83.0,98.0
2025-12-04T20:36:34.894768,110306.0,95816.0,35.996338,110275.789062,26.066553,95884.25,0.832833,83.0,98.0
2025-12-04T20:36:34.897306,110306.0,95816.0,56.033447,110276.09375,34.347317,95883.570312,0.704989,83.0,98.0
2025-12-04T20:36:34.899520,110822.0,96081.0,101.724152,110281.554688,56.071106,95885.546875,0.633964,83.0,98.0
2025-12-04T20:36:34.901569,110822.0,96081.0,162.86087,110286.960938,86.017883,95887.5,0.607483,83.0,98.0
2025-12-04T20:36:34.903436,110822.0,96081.0,196.538116,110292.3125,102.151672,95889.4375,0.597824,83.0,98.0
2025-12-04T20:36:34.905190,110822.0,96081.0,208.887238,110297.609375,107.603333,95891.351562,0.592517,83.0,98.0
2025-12-04T20:36:34.907137,110412.0,95898.0,177.815048,110298.757812,92.857651,95891.421875,0.600676,83.0,98.0
2025-12-04T20:36:34.909391,110412.0,95898.0,117.912712,110299.890625,64.718491,95891.492188,0.631339,83.0,98.0
2025-12-04T20:36:34.911646,110412.0,95898.0,68.804314,110301.015625,41.108627,95891.554688,0.687253,83.0,98.0
2025-12-04T20:36:34.914728,110412.0,95898.0,30.162708,110302.125,22.064682,95891.617188,0.841454,83.0,98.0
2025-12-04T20:36:34.916720,109975.0,95697.0,28.328917,110298.851562,6.210624,95889.671875,0.252176,83.0,98.0
2025-12-04T20:36:34.919609,109975.0,95697.0,97.429016,110295.617188,39.357109,95887.742188,0.464654,83.0,98.0
2025-12-04T20:36:34.921725,109975.0,95697.0,140.523254,110292.414062,60.457695,95885.835938,0.494874,83.0,98.0
2025-12-04T20:36:34.923663,109975.0,95697.0,162.767883,110289.242188,71.834648,95883.945312,0.507636,83.0,98.0
2025-12-04T20:36:34.925696,110014.0,95718.0,166.380783,110286.492188,74.27404,95882.289062,0.513473,83.0,98.0
2025-12-04T20:36:34.927885,110014.0,95718.0,156.638596,110283.765625,70.266228,95880.648438,0.515975,83.0,98.0
2025-12-04T20:36:34.930306,110014.0,95718.0,140.670822,110281.070312,63.359005,95879.023438,0.518062,83.0,98.0
2025-12-04T20:36:34.932261,110014.0,95718.0,121.237709,110278.398438,54.807247,95877.414062,0.519965,83.0,98.0
2025-12-04T20:36:34.934368,110329.0,95828.0,79.239792,110278.90625,38.171833,95876.921875,0.554087,83.0,98.0
2025-12-04T20:36:34.936069,110329.0,95828.0,23.760298,110279.40625,16.799276,95876.429688,0.813245,83.0,98.0
2025-12-04T20:36:34.937774,110329.0,95828.0,16.761187,110279.90625,0.745077,95875.945312,0.051131,83.0,98.0
2025-12-04T20:36:34.939594,110329.0,95828.0,44.376423,110280.398438,10.624552,95875.46875,0.275391,83.0,98.0
2025-12-04T20:36:34.941379,110641.0,95951.0,82.329201,110284.007812,26.326336,95876.226562,0.367822,83.0,98.0
2025-12-04T20:36:34.943049,110641.0,95951.0,125.371681,110287.578125,44.173016,95876.976562,0.405294,83.0,98.0
2025-12-04T20:36:34.944979,110641.0,95951.0,148.460068,110291.117188,54.199871,95877.71875,0.419963,83.0,98.0
2025-12-04T20:36:34.948053,110641.0,95951.0,156.12999,110294.617188,58.127117,95878.453125,0.428278,83.0,98.0
2025-12-04T20:36:34.950540,109910.0,95639.0,103.166374,110290.773438,36.47707,95876.0625,0.406734,83.0,98.0
2025-12-04T20:36:34.952529,109910.0,95639.0,10.49987,110286.96875,1.96092,95873.695312,0.214833,83.0,98.0
2025-12-04T20:36:34.954290,109910.0,95639.0,55.487923,110283.203125,28.965803,95871.351562,0.600493,83.0,98.0
2025-12-04T20:36:34.956224,109910.0,95639.0,98.821907,110279.46875,46.336895,95869.03125,0.539374,83.0,98.0
2025-12-04T20:36:34.957892,109822.0,95595.0,129.593414,110274.898438,58.870358,95866.289062,0.522546,83.0,98.0
2025-12-04T20:36:34.959932,109822.0,95595.0,149.715485,110270.367188,67.262939,95863.578125,0.51679,83.0,98.0
2025-12-04T20:36:34.962121,109822.0,95595.0,155.219879,110265.882812,69.279053,95860.890625,0.513398,83.0,98.0
2025-12-04T20:36:34.965372,109822.0,95595.0,150.091461,110261.445312,66.678955,95858.234375,0.511007,83.0,98.0
2025-12-04T20:36:35.001436,110018.0,95696.0,124.537712,110259.015625,54.160404,95856.609375,0.500234,83.0,98.0
2025-12-04T20:36:35.042627,110018.0,95696.0,86.057243,110256.609375,35.370853,95855.007812,0.472768,83.0,98.0
2025-12-04T20:36:35.082686,110018.0,95696.0,53.912228,110254.226562,20.060305,95853.421875,0.427994,83.0,98.0
2025-12-04T20:36:35.121591,110018.0,95696.0,28.103144,110251.867188,8.09302,95851.851562,0.331239,83.0,98.0
2025-12-04T20:36:35.161901,110316.0,95805.0,11.838858,110252.507812,8.17269,95851.382812,0.794045,83.0,98.0
2025-12-04T20:36:35.201761,110316.0,95805.0,59.43261,110253.140625,26.527182,95850.921875,0.513406,83.0,98.0
2025-12-04T20:36:35.241580,110316.0,95805.0,89.560539,110253.773438,37.936363,95850.460938,0.487235,83.0,98.0
2025-12-04T20:36:35.281591,110316.0,95805.0,105.616692,110254.398438,43.783043,95850.007812,0.476845,83.0,98.0
2025-12-04T20:36:35.322062,110466.0,95875.0,120.931267,110256.515625,50.087917,95850.257812,0.476437,83.0,98.0
2025-12-04T20:36:35.361528,110466.0,95875.0,134.83313,110258.609375,56.350124,95850.507812,0.480747,83.0,98.0
2025-12-04T20:36:35.400235,110466.0,95875.0,136.81311,110260.6875,57.496609,95850.75,0.483437,83.0,98.0
2025-12-04T20:36:35.439911,110466.0,95875.0,130.266724,110262.742188,54.966824,95850.992188,0.4854,83.0,98.0
2025-12-04T20:36:35.480128,109665.0,95501.0,64.053406,110256.765625,24.76248,95847.492188,0.444709,83.0,98.0
2025-12-04T20:36:35.520101,109665.0,95501.0,40.411926,110250.851562,23.213106,95844.03125,0.660755,83.0,98.0
2025-12-04T20:36:35.558753,109665.0,95501.0,111.767883,110244.992188,55.713108,95840.601562,0.573389,83.0,98.0
2025-12-04T20:36:35.599284,109665.0,95501.0,155.621887,110239.195312,75.407928,95837.203125,0.557376,83.0,98.0
2025-12-04T20:36:35.640479,109829.0,95573.0,166.463516,110235.09375,80.068237,95834.5625,0.553272,83.0,98.0
2025-12-04T20:36:35.680961,109829.0,95573.0,153.384903,110231.03125,73.850952,95831.945312,0.553818,83.0,98.0
2025-12-04T20:36:35.719191,109829.0,95573.0,135.25209,110227.015625,65.176636,95829.359375,0.55429,83.0,98.0
2025-12-04T20:36:35.760336,109829.0,95573.0,114.606094,110223.039062,55.272343,95826.796875,0.554735,83.0,98.0
2025-12-04T20:36:35.797957,109909.0,95630.0,87.989944,110219.898438,41.230614,95824.828125,0.538975,83.0,98.0
2025-12-04T20:36:35.838913,109909.0,95630.0,58.706745,110216.789062,25.085108,95822.882812,0.491481,83.0,98.0
2025-12-04T20:36:35.879271,109909.0,95630.0,34.638386,110213.710938,12.237939,95820.953125,0.406374,83.0,98.0
2025-12-04T20:36:35.918131,109909.0,95630.0,15.646687,110210.664062,2.463525,95819.046875,0.181095,83.0,98.0
2025-12-04T20:36:35.957677,110067.0,95696.0,9.318375,110209.226562,9.027585,95817.820312,1.114302,83.0,98.0
2025-12-04T20:36:35.997610,110067.0,95696.0,37.048355,110207.804688,21.062742,95816.601562,0.653909,83.0,98.0
2025-12-04T20:36:36.038207,110067.0,95696.0,54.461441,110206.398438,28.331297,95815.398438,0.598341,83.0,98.0
2025-12-04T20:36:36.076983,110067.0,95696.0,63.584976,110205.007812,31.814695,95814.203125,0.575499,83.0,98.0
2025-12-04T20:36:36.116514,110362.0,95834.0,86.229401,110206.578125,41.73436,95814.398438,0.556692,83.0,98.0
2025-12-04T20:36:36.156881,110362.0,95834.0,117.098541,110208.132812,55.619125,95814.59375,0.546329,83.0,98.0
2025-12-04T20:36:36.197437,110362.0,95834.0,132.078522,110209.671875,62.18602,95814.789062,0.541561,83.0,98.0
2025-12-04T20:36:36.237096,110362.0,95834.0,134.978912,110211.195312,63.208969,95814.984375,0.538648,83.0,98.0
2025-12-04T20:36:36.276307,109745.0,95592.0,87.568481,110206.53125,43.936554,95812.757812,0.577115,83.0,98.0
2025-12-04T20:36:36.317100,109745.0,95592.0,7.415161,110201.914062,11.464386,95810.554688,1.778304,83.0,98.0
2025-12-04T20:36:36.357358,109745.0,95592.0,49.564819,110197.34375,12.110809,95808.367188,0.281039,83.0,98.0
2025-12-04T20:36:36.397725,109745.0,95592.0,86.887573,110192.820312,28.040497,95806.203125,0.371183,83.0,98.0
2025-12-04T20:36:36.436679,109768.0,95602.0,106.623703,110188.570312,36.976784,95804.164062,0.398866,83.0,98.0
2025-12-04T20:36:36.477205,109768.0,95602.0,112.805832,110184.367188,40.460182,95802.140625,0.412516,83.0,98.0
2025-12-04T20:36:36.523429,109768.0,95602.0,110.618332,110180.203125,40.569069,95800.140625,0.421799,83.0,98.0
2025-12-04T20:36:36.555881,109768.0,95602.0,102.652512,110176.085938,38.290749,95798.15625,0.428997,83.0,98.0
2025-12-04T20:36:36.596323,109834.0,95622.0,86.620384,110172.664062,33.111565,95796.398438,0.439627,83.0,98.0
2025-12-04T20:36:36.635791,109834.0,95622.0,65.828392,110169.28125,26.186274,95794.65625,0.457488,83.0,98.0
2025-12-04T20:36:36.675079,109834.0,95622.0,47.337181,110165.929688,19.780024,95792.929688,0.48055,83.0,98.0
2025-12-04T20:36:36.715287,109834.0,95622.0,31.542746,110162.609375,14.112054,95791.21875,0.514516,83.0,98.0
2025-12-04T20:36:36.755201,109867.0,95638.0,16.341625,110159.65625,8.214899,95789.6875,0.57811,83.0,98.0
2025-12-04T20:36:36.794509,109867.0,95638.0,2.44221,110156.734375,2.498102,95788.171875,1.176322,83.0,98.0
