timestamp,AX,AY,AZ,GX,GY,GZ,ASVM,GSVM,MCU_TIME,FALL_EVENT,FALL_STATE
2026-03-11T16:21:33.332,0.148,0.933,0.469,1.209,-3.127,-2.182,1.054,4.0,13,0.0,CHECK_FALL
2026-03-11T16:21:33.349,0.146,0.929,0.463,0.999,-1.377,-1.832,1.048,2.5,14,0.0,CHECK_FALL
2026-03-11T16:21:33.362,0.136,0.926,0.457,1.209,0.023,-1.622,1.042,2.023,14,0.0,CHECK_FALL
2026-03-11T16:21:33.374,0.133,0.927,0.458,1.909,-0.327,-1.622,1.042,2.526,14,0.0,CHECK_FALL
2026-03-11T16:21:33.391,0.133,0.926,0.466,2.819,-1.447,-1.552,1.046,3.528,13,0.0,CHECK_FALL
2026-03-11T16:21:33.403,0.135,0.933,0.475,3.379,-1.937,-1.412,1.056,4.143,14,0.0,CHECK_FALL
2026-03-11T16:21:33.417,0.135,0.939,0.476,2.889,-1.517,-1.272,1.062,3.502,14,0.0,CHECK_FALL
2026-03-11T16:21:33.425,0.131,0.938,0.473,1.279,0.023,-1.202,1.058,1.755,13,0.0,CHECK_FALL
2026-03-11T16:21:33.444,0.127,0.932,0.467,-0.051,0.583,-1.202,1.051,1.336,14,0.0,CHECK_FALL
2026-03-11T16:21:33.459,0.127,0.931,0.46,-0.471,0.443,-1.202,1.046,1.364,14,0.0,CHECK_FALL
2026-03-11T16:21:33.472,0.128,0.927,0.456,-0.121,-0.047,-1.272,1.041,1.278,13,0.0,CHECK_FALL
2026-03-11T16:21:33.486,0.126,0.925,0.457,0.859,-0.817,-1.412,1.039,1.843,14,0.0,CHECK_FALL
2026-03-11T16:21:33.500,0.121,0.927,0.464,1.629,-1.377,-1.552,1.044,2.638,14,0.0,CHECK_FALL
2026-03-11T16:21:33.513,0.124,0.93,0.469,1.559,-2.007,-1.832,1.049,3.133,13,0.0,CHECK_FALL
2026-03-11T16:21:33.526,0.123,0.932,0.472,0.999,-2.287,-1.832,1.052,3.096,14,0.0,CHECK_FALL
2026-03-11T16:21:33.538,0.126,0.935,0.472,0.299,-2.567,-1.832,1.055,3.168,14,0.0,CHECK_FALL
2026-03-11T16:21:33.555,0.128,0.937,0.476,0.019,-2.917,-2.182,1.058,3.643,13,0.0,CHECK_FALL
2026-03-11T16:21:33.560,0.131,0.933,0.474,0.579,-2.567,-2.742,1.055,3.8,14,0.0,CHECK_FALL
2026-03-11T16:21:33.582,0.133,0.934,0.467,0.859,-2.287,-2.812,1.052,3.725,14,0.0,CHECK_FALL
2026-03-11T16:21:33.595,0.134,0.931,0.475,0.859,-3.057,-3.092,1.054,4.432,13,0.0,CHECK_FALL
2026-03-11T16:21:33.608,0.143,0.93,0.469,1.139,-3.827,-3.302,1.051,5.181,14,0.0,CHECK_FALL
2026-03-11T16:21:33.621,0.143,0.937,0.454,-0.401,-4.247,-3.022,1.051,5.228,14,0.0,CHECK_FALL
2026-03-11T16:21:33.637,0.136,0.943,0.438,-1.311,-3.267,-2.672,1.049,4.419,13,0.0,CHECK_FALL
2026-03-11T16:21:33.647,0.13,0.936,0.438,-0.051,-2.007,-2.952,1.041,3.57,14,0.0,CHECK_FALL
2026-03-11T16:21:33.664,0.128,0.922,0.445,2.189,-1.167,-3.372,1.032,4.186,14,0.0,CHECK_FALL
2026-03-11T16:21:33.673,0.133,0.934,0.458,3.729,-1.447,-3.372,1.049,5.231,13,0.0,CHECK_FALL
2026-03-11T16:21:33.688,0.137,0.95,0.462,2.889,-2.007,-3.022,1.065,4.637,14,0.0,CHECK_FALL
2026-03-11T16:21:33.705,0.131,0.948,0.457,0.089,-2.427,-2.952,1.061,3.822,14,0.0,CHECK_FALL
2026-03-11T16:21:33.718,0.133,0.941,0.45,-2.151,-3.127,-2.882,1.052,4.766,13,0.0,CHECK_FALL
2026-03-11T16:21:33.731,0.134,0.926,0.445,-2.361,-3.197,-2.812,1.037,4.868,14,0.0,CHECK_FALL
2026-03-11T16:21:33.745,0.135,0.92,0.439,-0.471,-2.357,-2.602,1.028,3.542,14,0.0,CHECK_FALL
2026-03-11T16:21:33.759,0.133,0.925,0.435,2.259,-1.237,-2.602,1.031,3.661,13,0.0,CHECK_FALL
2026-03-11T16:21:33.773,0.135,0.931,0.436,3.939,-1.027,-2.392,1.037,4.721,14,0.0,CHECK_FALL
2026-03-11T16:21:33.786,0.131,0.938,0.445,4.569,-2.077,-2.182,1.047,5.473,14,0.0,CHECK_FALL
2026-03-11T16:21:33.799,0.132,0.946,0.453,4.149,-3.197,-1.902,1.058,5.572,13,0.0,CHECK_FALL
2026-03-11T16:21:33.814,0.132,0.946,0.46,2.959,-4.037,-1.482,1.06,5.22,14,0.0,CHECK_FALL
2026-03-11T16:21:33.824,0.129,0.947,0.459,1.489,-4.457,-1.552,1.06,4.949,14,0.0,CHECK_FALL
2026-03-11T16:21:33.842,0.132,0.942,0.463,0.719,-4.107,-1.692,1.057,4.5,13,0.0,CHECK_FALL
2026-03-11T16:21:33.854,0.132,0.936,0.461,-0.051,-3.617,-1.902,1.051,4.087,14,0.0,CHECK_FALL
2026-03-11T16:21:33.869,0.136,0.926,0.456,-0.051,-3.197,-2.252,1.042,3.911,14,0.0,CHECK_FALL
2026-03-11T16:21:33.882,0.141,0.931,0.445,-0.121,-3.057,-2.252,1.041,3.799,13,0.0,CHECK_FALL
2026-03-11T16:21:33.899,0.14,0.932,0.451,-0.611,-4.177,-2.042,1.045,4.689,14,0.0,CHECK_FALL
2026-03-11T16:21:33.909,0.141,0.944,0.445,0.439,-3.617,-1.832,1.053,4.078,14,0.0,CHECK_FALL
2026-03-11T16:21:33.923,0.14,0.953,0.449,-0.261,-3.967,-2.112,1.062,4.502,13,0.0,CHECK_FALL
2026-03-11T16:21:33.937,0.137,0.948,0.468,-2.221,-3.827,-2.042,1.066,4.873,14,0.0,CHECK_FALL
2026-03-11T16:21:33.945,0.133,0.937,0.477,-2.711,-2.847,-2.182,1.06,4.496,14,0.0,CHECK_FALL
2026-03-11T16:21:33.964,0.131,0.934,0.484,-3.271,-2.147,-2.532,1.06,4.66,13,0.0,CHECK_FALL
2026-03-11T16:21:33.977,0.125,0.931,0.479,-4.391,-2.497,-3.092,1.054,5.922,14,0.0,CHECK_FALL
2026-03-11T16:21:33.988,0.121,0.936,0.469,-4.671,-3.687,-3.722,1.054,7.019,14,0.0,CHECK_FALL
2026-03-11T16:21:34.007,0.128,0.938,0.461,-4.041,-5.717,-4.142,1.053,8.134,13,0.0,CHECK_FALL
2026-03-11T16:21:34.018,0.133,0.939,0.461,-3.411,-6.767,-4.142,1.054,8.636,14,0.0,CHECK_FALL
2026-03-11T16:21:34.030,0.141,0.932,0.456,-2.851,-6.697,-4.142,1.047,8.375,14,0.0,CHECK_FALL
2026-03-11T16:21:34.045,0.147,0.927,0.443,-1.591,-5.227,-3.932,1.038,6.731,13,0.0,CHECK_FALL
2026-03-11T16:21:34.057,0.152,0.924,0.435,0.159,-3.687,-3.862,1.033,5.342,14,0.0,CHECK_FALL
2026-03-11T16:21:34.074,0.148,0.923,0.439,1.629,-3.337,-3.722,1.032,5.257,14,0.0,CHECK_FALL
2026-03-11T16:21:34.084,0.143,0.926,0.446,2.119,-3.757,-3.512,1.038,5.562,13,0.0,CHECK_FALL
2026-03-11T16:21:34.101,0.137,0.913,0.461,1.139,-4.317,-3.442,1.032,5.637,14,0.0,CHECK_FALL
2026-03-11T16:21:34.112,0.13,0.923,0.45,1.699,-3.827,-3.722,1.036,5.602,14,0.0,CHECK_FALL
2026-03-11T16:21:34.122,0.134,0.946,0.446,2.399,-5.157,-3.652,1.055,6.759,13,0.0,CHECK_FALL
2026-03-11T16:21:34.142,0.133,0.939,0.467,0.579,-6.207,-2.392,1.057,6.677,14,0.0,CHECK_FALL
2026-03-11T16:21:34.154,0.124,0.92,0.483,-1.871,-5.927,-2.112,1.046,6.564,14,0.0,CHECK_FALL
2026-03-11T16:21:34.169,0.126,0.904,0.468,-3.761,-5.087,-2.462,1.026,6.789,13,0.0,CHECK_FALL
2026-03-11T16:21:34.182,0.132,0.898,0.447,-4.181,-4.247,-2.952,1.011,6.651,14,0.0,CHECK_FALL
2026-03-11T16:21:34.196,0.138,0.888,0.45,-2.291,-4.317,-3.652,1.005,6.101,14,0.0,CHECK_FALL
2026-03-11T16:21:34.207,0.146,0.889,0.469,2.189,-4.177,-4.212,1.016,6.323,13,0.0,CHECK_FALL
2026-03-11T16:21:34.224,0.163,0.923,0.491,6.669,-4.527,-4.002,1.058,8.999,14,0.0,CHECK_FALL
2026-03-11T16:21:34.236,0.173,0.968,0.516,7.159,-5.927,-2.882,1.11,9.731,14,0.0,CHECK_FALL
2026-03-11T16:21:34.251,0.162,0.982,0.543,2.119,-5.157,-2.462,1.134,6.095,14,0.0,CHECK_FALL
2026-03-11T16:21:34.263,0.144,0.965,0.547,-5.161,-1.797,-2.462,1.119,5.994,13,0.0,CHECK_FALL
2026-03-11T16:21:34.278,0.132,0.941,0.545,-10.831,1.143,-3.512,1.096,11.443,14,0.0,CHECK_FALL
2026-03-11T16:21:34.289,0.125,0.918,0.535,-11.391,2.403,-4.562,1.07,12.504,14,0.0,CHECK_FALL
2026-03-11T16:21:34.304,0.122,0.914,0.51,-10.621,0.863,-4.772,1.054,11.676,13,0.0,CHECK_FALL
2026-03-11T16:21:34.320,0.111,0.921,0.476,-9.921,-2.497,-4.352,1.042,11.118,14,0.0,CHECK_FALL
2026-03-11T16:21:34.334,0.106,0.925,0.459,-6.911,-4.317,-4.422,1.039,9.271,14,0.0,CHECK_FALL
2026-03-11T16:21:34.345,0.11,0.91,0.467,-3.411,-4.457,-5.262,1.029,7.693,13,0.0,CHECK_FALL
2026-03-11T16:21:34.360,0.124,0.911,0.479,-0.611,-3.617,-5.682,1.037,6.763,14,0.0,CHECK_FALL
2026-03-11T16:21:34.374,0.137,0.933,0.484,1.419,-3.897,-5.752,1.06,7.091,14,0.0,CHECK_FALL
2026-03-11T16:21:34.386,0.148,0.952,0.484,0.439,-4.527,-5.262,1.078,6.955,13,0.0,CHECK_FALL
2026-03-11T16:21:34.403,0.148,0.945,0.482,-1.521,-4.877,-4.702,1.071,6.943,14,0.0,CHECK_FALL
2026-03-11T16:21:34.414,0.147,0.932,0.479,-2.921,-4.317,-4.422,1.058,6.835,14,0.0,CHECK_FALL
2026-03-11T16:21:34.425,0.145,0.921,0.462,-2.431,-2.287,-4.562,1.041,5.652,13,0.0,CHECK_FALL
2026-03-11T16:21:34.443,0.14,0.915,0.452,-1.171,-0.257,-4.562,1.03,4.717,14,0.0,CHECK_FALL
2026-03-11T16:21:34.453,0.135,0.919,0.444,-0.121,1.213,-4.702,1.029,4.857,14,0.0,CHECK_FALL
2026-03-11T16:21:34.471,0.131,0.926,0.439,0.859,0.933,-4.772,1.033,4.937,13,0.0,CHECK_FALL
2026-03-11T16:21:34.484,0.129,0.94,0.436,1.489,-0.047,-4.492,1.044,4.732,14,0.0,CHECK_FALL
2026-03-11T16:21:34.497,0.133,0.951,0.434,2.329,-1.657,-3.862,1.053,4.804,14,0.0,CHECK_FALL
2026-03-11T16:21:34.507,0.133,0.956,0.435,2.679,-2.847,-3.442,1.059,5.208,13,0.0,CHECK_FALL
2026-03-11T16:21:34.524,0.131,0.953,0.432,2.679,-3.547,-3.022,1.054,5.375,14,0.0,CHECK_FALL
2026-03-11T16:21:34.538,0.13,0.947,0.433,2.259,-3.617,-3.162,1.049,5.309,14,0.0,CHECK_FALL
2026-03-11T16:21:34.553,0.133,0.943,0.436,1.839,-3.617,-3.162,1.047,5.144,13,0.0,CHECK_FALL
2026-03-11T16:21:34.565,0.139,0.939,0.425,1.279,-2.217,-3.092,1.04,4.014,14,0.0,CHECK_FALL
2026-03-11T16:21:34.589,0.143,0.938,0.418,-0.611,-0.957,-2.532,1.037,2.775,23,0.0,IDLE_FALL
2026-03-11T16:21:34.599,0.137,0.939,0.406,-0.681,0.163,-2.252,1.032,2.358,14,0.0,IDLE_FALL
2026-03-11T16:21:34.617,0.137,0.941,0.4,-0.961,0.023,-2.182,1.031,2.384,14,0.0,IDLE_FALL
2026-03-11T16:21:34.630,0.137,0.939,0.4,0.159,-0.397,-2.042,1.029,2.086,13,0.0,IDLE_FALL
2026-03-11T16:21:34.644,0.137,0.944,0.403,2.889,-1.587,-1.762,1.036,3.737,14,0.0,IDLE_FALL
2026-03-11T16:21:34.657,0.135,0.955,0.414,4.499,-2.847,-1.832,1.05,5.63,14,0.0,IDLE_FALL
2026-03-11T16:21:34.672,0.134,0.958,0.428,3.519,-4.667,-1.692,1.058,6.085,13,0.0,IDLE_FALL
2026-03-11T16:21:34.682,0.136,0.954,0.431,1.559,-5.437,-1.482,1.056,5.847,14,0.0,IDLE_FALL
2026-03-11T16:21:34.698,0.137,0.949,0.429,0.369,-4.457,-1.342,1.05,4.669,14,0.0,IDLE_FALL
2026-03-11T16:21:34.712,0.136,0.947,0.415,0.299,-2.567,-1.342,1.043,2.912,13,0.0,IDLE_FALL
2026-03-11T16:21:34.722,0.135,0.95,0.409,0.439,-0.747,-1.412,1.043,1.656,14,0.0,IDLE_FALL
2026-03-11T16:21:34.740,0.136,0.95,0.406,0.929,0.233,-1.832,1.042,2.067,14,0.0,IDLE_FALL
2026-03-11T16:21:34.753,0.138,0.954,0.405,1.349,-0.117,-2.252,1.046,2.627,13,0.0,IDLE_FALL
2026-03-11T16:21:34.767,0.136,0.959,0.408,1.979,-1.587,-2.252,1.051,3.392,14,0.0,IDLE_FALL
2026-03-11T16:21:34.781,0.136,0.963,0.409,2.679,-3.267,-2.322,1.055,4.821,14,0.0,IDLE_FALL
2026-03-11T16:21:34.794,0.128,0.963,0.41,2.889,-4.597,-2.532,1.054,5.991,13,0.0,IDLE_FALL
2026-03-11T16:21:34.804,0.126,0.959,0.408,2.049,-5.157,-2.742,1.05,6.19,14,0.0,IDLE_FALL
2026-03-11T16:21:34.821,0.123,0.948,0.398,0.579,-5.017,-3.162,1.035,5.958,14,0.0,IDLE_FALL
2026-03-11T16:21:34.836,0.118,0.938,0.389,-0.191,-4.037,-3.932,1.022,5.639,13,0.0,IDLE_FALL
2026-03-11T16:21:34.848,0.114,0.941,0.376,0.649,-3.547,-4.702,1.019,5.925,14,0.0,IDLE_FALL
2026-03-11T16:21:34.863,0.115,0.938,0.376,1.909,-3.757,-5.542,1.017,6.962,14,0.0,IDLE_FALL
2026-03-11T16:21:34.876,0.12,0.941,0.378,3.379,-4.247,-5.822,1.021,7.959,14,0.0,IDLE_FALL
2026-03-11T16:21:34.890,0.121,0.946,0.379,4.499,-4.737,-6.032,1.026,8.892,13,0.0,IDLE_FALL
2026-03-11T16:21:34.903,0.125,0.949,0.382,4.849,-5.787,-6.102,1.03,9.707,14,0.0,IDLE_FALL
2026-03-11T16:21:34.917,0.13,0.942,0.388,4.989,-7.187,-6.172,1.027,10.707,14,0.0,IDLE_FALL
2026-03-11T16:21:34.931,0.133,0.93,0.382,5.969,-6.767,-5.962,1.014,10.815,13,0.0,IDLE_FALL
2026-03-11T16:21:34.945,0.128,0.926,0.376,7.439,-6.137,-6.102,1.008,11.412,14,0.0,IDLE_FALL
2026-03-11T16:21:34.958,0.125,0.925,0.369,8.419,-5.577,-6.732,1.004,12.137,14,0.0,IDLE_FALL
2026-03-11T16:21:34.973,0.128,0.924,0.359,7.929,-3.967,-6.872,1.0,11.217,13,0.0,IDLE_FALL
2026-03-11T16:21:34.986,0.119,0.91,0.361,5.899,-2.147,-7.152,0.986,9.516,14,0.0,IDLE_FALL
2026-03-11T16:21:34.999,0.108,0.887,0.342,5.269,1.703,-7.712,0.957,9.494,14,0.0,IDLE_FALL
2026-03-11T16:21:35.013,0.107,0.859,0.333,7.579,4.083,-8.342,0.927,11.987,13,0.0,IDLE_FALL
2026-03-11T16:21:35.025,0.105,0.826,0.337,11.499,6.323,-8.902,0.899,15.857,14,0.0,IDLE_FALL
2026-03-11T16:21:35.038,0.107,0.802,0.339,14.929,8.283,-9.322,0.878,19.452,14,0.0,IDLE_FALL
2026-03-11T16:21:35.055,0.09,0.775,0.339,16.119,10.873,-10.372,0.85,22.036,13,0.0,IDLE_FALL
2026-03-11T16:21:35.064,0.077,0.732,0.329,13.529,12.203,-13.522,0.806,22.689,14,0.0,IDLE_FALL
2026-03-11T16:21:35.072,0.073,0.713,0.326,12.059,11.993,-14.642,0.787,22.441,4,0.0,CHECK_FALL
2026-03-11T16:21:35.076,0.069,0.696,0.328,10.939,11.153,-16.042,0.772,22.391,5,0.0,CHECK_FALL
2026-03-11T16:21:35.088,0.043,0.631,0.324,2.819,6.953,-20.312,0.711,21.653,13,0.0,CHECK_FALL
2026-03-11T16:21:35.104,0.043,0.569,0.292,-5.511,1.703,-25.632,0.641,26.273,14,0.0,CHECK_FALL
2026-03-11T16:21:35.117,0.065,0.508,0.26,-8.101,-6.557,-26.122,0.574,28.124,14,0.0,CHECK_FALL
2026-03-11T16:21:35.131,0.073,0.443,0.225,-3.971,-9.987,-26.682,0.502,28.765,13,0.0,CHECK_FALL
2026-03-11T16:21:35.145,0.056,0.378,0.187,0.789,-6.697,-26.612,0.426,27.453,14,0.0,CHECK_FALL
2026-03-11T16:21:35.158,0.016,0.311,0.139,-0.751,-0.047,-26.192,0.341,26.202,14,0.0,CHECK_FALL
2026-03-11T16:21:35.170,-0.011,0.249,0.101,-8.521,3.663,-25.492,0.269,27.126,13,0.0,CHECK_FALL
2026-03-11T16:21:35.181,-0.055,0.21,0.045,-13.491,5.623,-26.052,0.221,29.872,14,0.0,CHECK_FALL
2026-03-11T16:21:35.199,-0.056,0.184,-0.015,-11.391,7.583,-24.862,0.193,28.379,14,0.0,CHECK_FALL
2026-03-11T16:21:35.211,-0.027,0.198,-0.08,2.469,11.433,-21.502,0.215,24.477,13,0.0,CHECK_FALL
2026-03-11T16:21:35.229,0.01,0.243,-0.134,25.079,15.073,-17.442,0.278,34.064,14,0.0,CHECK_FALL
2026-03-11T16:21:35.242,0.042,0.279,-0.128,45.869,13.953,-9.462,0.31,48.869,14,0.0,CHECK_FALL
2026-03-11T16:21:35.254,0.082,0.318,-0.082,60.989,5.623,-0.432,0.338,61.249,13,0.0,CHECK_FALL
2026-03-11T16:21:35.270,0.117,0.377,0.002,71.139,-5.367,8.248,0.395,71.816,14,0.0,CHECK_FALL
2026-03-11T16:21:35.281,0.147,0.441,0.079,71.069,-14.677,15.178,0.471,74.139,14,0.0,CHECK_FALL
2026-03-11T16:21:35.295,0.157,0.51,0.118,63.789,-22.097,18.608,0.547,70.026,13,0.0,CHECK_FALL
2026-03-11T16:21:35.305,0.202,0.584,0.145,54.269,-28.467,21.338,0.634,64.891,14,0.0,CHECK_FALL
2026-03-11T16:21:35.321,0.264,0.667,0.156,49.019,-34.277,24.768,0.734,64.74,14,0.0,CHECK_FALL
2026-03-11T16:21:35.334,0.343,0.826,0.142,56.509,-36.027,32.468,0.906,74.468,13,0.0,CHECK_FALL
2026-03-11T16:21:35.354,0.392,1.122,0.147,97.669,-37.707,49.688,1.198,115.888,14,0.0,CHECK_FALL
2026-03-11T16:21:35.365,0.635,2.054,0.15,209.669,-64.797,117.728,2.155,249.038,14,0.0,CHECK_FALL
2026-03-11T16:21:35.377,0.497,2.756,0.32,348.129,-31.897,127.388,2.819,372.074,13,0.0,CHECK_FALL
2026-03-11T16:21:35.391,0.223,3.074,1.351,328.669,-52.687,107.718,3.365,349.861,14,0.0,CHECK_FALL
2026-03-11T16:21:35.405,0.065,2.829,1.75,74.009,-46.737,69.988,3.327,112.072,14,0.0,CHECK_FALL
2026-03-11T16:21:35.418,0.422,2.929,1.165,-157.831,-6.977,49.478,3.18,165.552,13,0.0,CHECK_FALL
2026-03-11T16:21:35.428,0.432,3.076,0.436,-223.631,20.533,45.348,3.137,229.105,14,0.0,CHECK_FALL
2026-03-11T16:21:35.447,0.211,2.85,0.199,-147.611,20.043,-9.812,2.864,149.288,14,0.0,CHECK_FALL
2026-03-11T16:21:35.459,0.258,2.473,0.48,-60.391,51.753,-65.602,2.533,103.097,14,0.0,CHECK_FALL
2026-03-11T16:21:35.473,0.509,2.225,0.793,-27.281,70.863,-57.622,2.416,95.321,13,0.0,CHECK_FALL
2026-03-11T16:21:35.487,0.472,2.062,0.8,-34.001,81.643,-39.702,2.262,96.942,14,0.0,CHECK_FALL
2026-03-11T16:21:35.500,0.284,1.963,0.716,-45.551,42.373,-36.062,2.109,71.908,14,0.0,CHECK_FALL
2026-03-11T16:21:35.516,0.213,1.785,0.723,-63.121,8.563,-45.022,1.937,78.003,13,0.0,CHECK_FALL
2026-03-11T16:21:35.528,0.198,1.521,0.752,-84.611,-6.067,-45.792,1.708,96.399,14,0.0,CHECK_FALL
2026-03-11T16:21:35.541,0.195,1.237,0.719,-100.501,-5.367,-37.112,1.444,107.269,14,0.0,CHECK_FALL
2026-03-11T16:21:35.554,0.183,0.991,0.621,-99.871,4.363,-29.832,1.183,104.323,13,0.0,CHECK_FALL
2026-03-11T16:21:35.568,0.158,0.767,0.502,-77.961,15.423,-22.762,0.93,82.667,14,0.0,CHECK_FALL
2026-03-11T16:21:35.583,0.135,0.646,0.361,-45.901,21.163,-17.162,0.752,53.379,14,0.0,CHECK_FALL
2026-03-11T16:21:35.597,0.108,0.517,0.306,-22.801,21.513,-20.872,0.611,37.66,13,0.0,CHECK_FALL
2026-03-11T16:21:35.610,0.129,0.431,0.232,-11.251,11.153,-20.662,0.506,26.036,14,0.0,CHECK_FALL
2026-03-11T16:21:35.624,0.096,0.363,0.203,-0.611,0.233,-21.502,0.427,21.511,14,0.0,CHECK_FALL
2026-03-11T16:21:35.637,0.054,0.233,0.198,-2.501,-7.957,-29.692,0.311,30.841,13,0.0,CHECK_FALL
2026-03-11T16:21:35.651,0.067,0.098,0.236,-18.041,-6.977,-35.992,0.264,40.86,14,0.0,CHECK_FALL
2026-03-11T16:21:35.666,0.071,-0.004,0.136,-29.451,-9.567,-27.172,0.153,41.197,14,0.0,CHECK_FALL
2026-03-11T16:21:35.678,0.033,-0.003,0.083,-27.981,0.583,-26.402,0.09,38.475,13,0.0,CHECK_FALL
2026-03-11T16:21:35.692,0.071,0.015,0.034,-14.401,18.293,-20.872,0.08,31.267,14,0.0,CHECK_FALL
2026-03-11T16:21:35.706,0.083,0.079,-0.019,3.869,26.483,-13.872,0.116,30.145,14,0.0,CHECK_FALL
2026-03-11T16:21:35.719,0.046,0.2,-0.045,24.519,20.463,-11.282,0.21,33.87,13,0.0,CHECK_FALL
2026-03-11T16:21:35.732,0.065,0.309,0.03,41.179,15.353,-9.182,0.317,44.897,14,0.0,CHECK_FALL
2026-03-11T16:21:35.741,0.097,0.439,0.13,48.039,8.633,-0.082,0.468,48.808,14,0.0,CHECK_FALL
2026-03-11T16:21:35.760,0.095,0.598,0.219,43.419,0.303,8.458,0.644,44.236,13,0.0,CHECK_FALL
2026-03-11T16:21:35.774,0.113,0.739,0.288,34.249,-6.347,15.878,0.801,38.281,14,0.0,CHECK_FALL
2026-03-11T16:21:35.788,0.145,0.893,0.339,29.769,-10.547,21.548,0.966,38.233,14,0.0,CHECK_FALL
2026-03-11T16:21:35.801,0.18,1.086,0.387,30.259,-11.597,28.688,1.167,43.28,13,0.0,CHECK_FALL
2026-03-11T16:21:35.815,0.186,1.251,0.418,35.299,-12.577,31.978,1.332,49.263,14,0.0,CHECK_FALL
2026-03-11T16:21:35.830,0.07,1.515,0.507,34.179,-4.877,4.398,1.6,34.804,14,0.0,CHECK_FALL
2026-03-11T16:21:35.842,0.186,1.461,0.71,-2.851,8.913,-11.352,1.635,14.711,13,0.0,CHECK_FALL
2026-03-11T16:21:35.855,0.142,1.395,0.565,-59.481,4.573,-10.372,1.512,60.551,14,0.0,CHECK_FALL
2026-03-11T16:21:35.867,0.107,1.366,0.43,-72.641,-2.077,-16.322,1.436,74.481,14,0.0,CHECK_FALL
2026-03-11T16:21:35.883,0.122,1.33,0.399,-50.031,-4.527,-14.432,1.394,52.267,13,0.0,CHECK_FALL
2026-03-11T16:21:35.898,0.11,1.348,0.416,-9.431,0.723,-10.232,1.415,13.934,14,0.0,CHECK_FALL
2026-03-11T16:21:35.910,0.092,1.421,0.468,21.719,3.103,-5.682,1.499,22.663,14,0.0,CHECK_FALL
2026-03-11T16:21:35.924,0.07,1.495,0.524,41.669,2.053,-2.742,1.586,41.809,13,0.0,CHECK_FALL
2026-03-11T16:21:35.937,0.069,1.532,0.595,35.509,-0.467,-3.162,1.645,35.652,14,0.0,CHECK_FALL
2026-03-11T16:21:35.951,0.074,1.504,0.658,8.139,-5.087,-6.732,1.643,11.723,14,0.0,CHECK_FALL
2026-03-11T16:21:35.965,0.087,1.424,0.664,-26.021,-6.347,-8.902,1.573,28.225,13,0.0,CHECK_FALL
2026-03-11T16:21:35.979,0.102,1.298,0.608,-46.671,-5.017,-10.162,1.437,48.027,14,0.0,CHECK_FALL
2026-03-11T16:21:35.993,0.096,1.164,0.53,-48.211,-3.267,-9.672,1.283,49.28,14,0.0,CHECK_FALL
2026-03-11T16:21:36.006,0.099,1.043,0.479,-37.501,5.833,-8.342,1.152,38.858,13,0.0,CHECK_FALL
2026-03-11T16:21:36.019,0.081,0.944,0.416,-26.091,16.263,-5.052,1.035,31.157,14,0.0,CHECK_FALL
2026-03-11T16:21:36.034,0.044,0.876,0.362,-13.911,21.443,-3.652,0.949,25.819,14,0.0,CHECK_FALL
2026-03-11T16:21:36.043,0.015,0.822,0.342,-6.001,19.763,-3.442,0.891,20.939,13,0.0,CHECK_FALL
2026-03-11T16:21:36.061,0.008,0.776,0.338,-4.811,12.273,-3.932,0.846,13.756,14,0.0,CHECK_FALL
2026-03-11T16:21:36.075,0.009,0.743,0.341,-8.731,2.683,-4.422,0.818,10.148,14,0.0,CHECK_FALL
2026-03-11T16:21:36.088,0.024,0.713,0.341,-13.631,-5.857,-4.212,0.791,15.422,13,0.0,CHECK_FALL
2026-03-11T16:21:36.102,0.046,0.686,0.34,-15.521,-9.147,-4.282,0.767,18.518,14,0.0,CHECK_FALL
2026-03-11T16:21:36.117,0.064,0.657,0.327,-14.051,-7.117,-3.862,0.737,16.217,14,0.0,CHECK_FALL
2026-03-11T16:21:36.129,0.078,0.629,0.315,-9.781,-0.887,-3.022,0.707,10.276,13,0.0,CHECK_FALL
2026-03-11T16:21:36.143,0.074,0.616,0.297,-5.161,5.623,-2.042,0.687,7.901,14,0.0,CHECK_FALL
2026-03-11T16:21:36.157,0.053,0.628,0.27,1.419,8.773,-1.762,0.686,9.06,14,0.0,CHECK_FALL
2026-03-11T16:21:36.170,0.039,0.671,0.252,8.839,8.703,-2.462,0.717,12.646,13,0.0,CHECK_FALL
2026-03-11T16:21:36.184,0.027,0.728,0.242,14.999,6.673,-2.392,0.768,16.59,14,0.0,CHECK_FALL
2026-03-11T16:21:36.198,0.02,0.79,0.248,19.619,2.963,-2.462,0.828,19.993,14,0.0,CHECK_FALL
2026-03-11T16:21:36.211,0.017,0.862,0.279,23.749,-2.147,-3.162,0.906,24.054,13,0.0,CHECK_FALL
2026-03-11T16:21:36.224,0.028,0.948,0.326,26.199,-7.397,-3.652,1.003,27.467,14,0.0,CHECK_FALL
2026-03-11T16:21:36.235,0.051,1.038,0.37,25.989,-12.717,-3.722,1.103,29.172,14,0.0,CHECK_FALL
2026-03-11T16:21:36.252,0.078,1.109,0.43,20.459,-15.447,-3.652,1.192,25.894,13,0.0,CHECK_FALL
2026-03-11T16:21:36.260,0.094,1.147,0.478,11.429,-16.287,-4.772,1.246,20.461,14,0.0,CHECK_FALL
2026-03-11T16:21:36.280,0.112,1.151,0.5,-1.381,-15.027,-6.592,1.26,16.467,14,0.0,CHECK_FALL
2026-03-11T16:21:36.292,0.127,1.137,0.469,-9.851,-14.327,-6.382,1.236,18.521,13,0.0,CHECK_FALL
2026-03-11T16:21:36.304,0.139,1.123,0.444,-10.691,-13.277,-3.652,1.216,17.433,14,0.0,CHECK_FALL
2026-03-11T16:21:36.313,0.139,1.12,0.425,-5.721,-10.687,-1.132,1.206,12.175,14,0.0,CHECK_FALL
2026-03-11T16:21:36.333,0.12,1.124,0.415,1.979,-7.817,0.618,1.204,8.088,14,0.0,CHECK_FALL
2026-03-11T16:21:36.344,0.099,1.125,0.416,8.909,-6.067,1.808,1.203,10.929,13,0.0,CHECK_FALL
2026-03-11T16:21:36.354,0.075,1.13,0.427,13.739,-4.527,2.578,1.21,14.694,14,0.0,CHECK_FALL
2026-03-11T16:21:36.375,0.065,1.13,0.463,15.349,-4.947,2.228,1.223,16.28,14,0.0,CHECK_FALL
2026-03-11T16:21:36.387,0.05,1.105,0.495,11.429,-7.537,0.478,1.212,13.699,13,0.0,CHECK_FALL
2026-03-11T16:21:36.403,0.045,1.062,0.507,2.539,-8.587,-1.972,1.178,9.169,14,0.0,CHECK_FALL
2026-03-11T16:21:36.419,0.046,1.005,0.485,-6.841,-7.467,-4.002,1.117,10.889,14,0.0,CHECK_FALL
2026-03-11T16:21:36.428,0.051,0.952,0.444,-13.211,-5.577,-4.562,1.052,15.048,13,0.0,CHECK_FALL
2026-03-11T16:21:36.438,0.062,0.916,0.398,-14.401,-2.917,-4.422,1.0,15.344,14,0.0,CHECK_FALL
2026-03-11T16:21:36.459,0.064,0.885,0.361,-11.951,-1.377,-4.352,0.958,12.793,14,0.0,CHECK_FALL
2026-03-11T16:21:36.469,0.071,0.861,0.342,-6.771,-2.077,-4.772,0.929,8.54,13,0.0,CHECK_FALL
2026-03-11T16:21:36.480,0.082,0.843,0.344,-1.101,-3.897,-4.702,0.914,6.205,14,0.0,CHECK_FALL
2026-03-11T16:21:36.490,0.093,0.841,0.354,1.909,-6.137,-3.932,0.917,7.534,14,0.0,CHECK_FALL
2026-03-11T16:21:36.512,0.091,0.839,0.362,3.169,-5.157,-2.532,0.918,6.561,13,0.0,CHECK_FALL
2026-03-11T16:21:36.526,0.085,0.849,0.354,0.159,-2.287,-2.042,0.924,3.07,14,0.0,CHECK_FALL
2026-03-11T16:21:36.532,0.07,0.854,0.32,-3.901,1.563,-2.742,0.914,5.018,14,0.0,CHECK_FALL
2026-03-11T16:21:36.553,0.064,0.862,0.279,-4.181,3.733,-3.232,0.908,6.47,13,0.0,CHECK_FALL
2026-03-11T16:21:36.567,0.072,0.867,0.268,0.159,2.613,-3.232,0.91,4.159,14,0.0,CHECK_FALL
2026-03-11T16:21:36.574,0.065,0.882,0.278,7.859,0.933,-2.392,0.927,8.268,14,0.0,CHECK_FALL
2026-03-11T16:21:36.595,0.054,0.921,0.302,15.489,-2.777,-1.412,0.97,15.799,13,0.0,CHECK_FALL
2026-03-11T16:21:36.606,0.058,0.972,0.335,19.829,-7.327,-1.342,1.03,21.182,14,0.0,CHECK_FALL
2026-03-11T16:21:36.616,0.064,1.025,0.371,21.089,-9.847,-2.182,1.092,23.377,14,0.0,CHECK_FALL
2026-03-11T16:21:36.633,0.081,1.058,0.403,16.679,-10.477,-2.882,1.135,19.906,13,0.0,CHECK_FALL
2026-03-11T16:21:36.642,0.087,1.069,0.418,7.999,-8.797,-3.302,1.151,12.34,14,0.0,CHECK_FALL
2026-03-11T16:21:36.663,0.092,1.061,0.412,0.649,-5.367,-3.582,1.141,6.485,14,0.0,CHECK_FALL
2026-03-11T16:21:36.674,0.095,1.051,0.398,-2.221,-2.287,-3.442,1.128,4.691,13,0.0,CHECK_FALL
2026-03-11T16:21:36.685,0.092,1.044,0.38,-1.591,-1.027,-3.302,1.114,3.806,14,0.0,CHECK_FALL
2026-03-11T16:21:36.706,0.087,1.032,0.378,-0.191,-1.097,-2.882,1.102,3.089,14,0.0,CHECK_FALL
2026-03-11T16:21:36.716,0.076,1.025,0.371,0.509,-1.587,-3.302,1.092,3.698,13,0.0,CHECK_FALL
2026-03-11T16:21:36.727,0.073,1.009,0.372,0.229,-3.057,-3.932,1.078,4.986,14,0.0,CHECK_FALL
2026-03-11T16:21:36.737,0.084,0.994,0.378,0.369,-4.597,-4.002,1.067,6.106,14,0.0,CHECK_FALL
2026-03-11T16:21:36.758,0.096,0.984,0.383,1.419,-5.717,-2.742,1.061,6.497,13,0.0,CHECK_FALL
2026-03-11T16:21:36.771,0.103,0.978,0.39,2.049,-4.947,-1.062,1.058,5.459,14,0.0,CHECK_FALL
2026-03-11T16:21:36.785,0.098,0.969,0.392,0.579,-3.897,-0.152,1.05,3.943,14,0.0,CHECK_FALL
2026-03-11T16:21:36.800,0.095,0.958,0.382,-2.501,-2.007,0.338,1.036,3.225,13,0.0,CHECK_FALL
2026-03-11T16:21:36.811,0.089,0.947,0.359,-4.461,-0.257,0.408,1.017,4.487,14,0.0,CHECK_FALL
2026-03-11T16:21:36.822,0.08,0.934,0.348,-3.481,-0.187,-0.572,1.0,3.533,14,0.0,CHECK_FALL
2026-03-11T16:21:36.842,0.083,0.917,0.349,-1.241,-1.237,-1.202,0.985,2.125,13,0.0,CHECK_FALL
2026-03-11T16:21:36.852,0.089,0.921,0.349,-0.191,-2.427,-1.342,0.989,2.78,14,0.0,CHECK_FALL
2026-03-11T16:21:36.863,0.086,0.931,0.344,-0.751,-3.267,-1.132,0.996,3.538,14,0.0,CHECK_FALL
2026-03-11T16:21:36.873,0.078,0.94,0.333,-1.101,-2.777,-1.272,1.0,3.247,13,0.0,CHECK_FALL
2026-03-11T16:21:36.894,0.075,0.942,0.336,-1.451,-1.027,-1.972,1.003,2.655,14,0.0,CHECK_FALL
2026-03-11T16:21:36.908,0.076,0.945,0.341,-0.821,0.653,-2.392,1.008,2.611,14,0.0,CHECK_FALL
2026-03-11T16:21:36.923,0.084,0.959,0.35,1.419,0.023,-3.022,1.025,3.338,13,0.0,CHECK_FALL
2026-03-11T16:21:36.937,0.098,0.978,0.363,4.499,-1.447,-2.952,1.048,5.572,14,0.0,CHECK_FALL
2026-03-11T16:21:36.947,0.099,0.994,0.375,5.339,-2.217,-2.532,1.067,6.311,14,0.0,CHECK_FALL
2026-03-11T16:21:36.959,0.094,1.005,0.381,3.659,-2.287,-2.182,1.078,4.835,13,0.0,CHECK_FALL
2026-03-11T16:21:36.968,0.088,1.005,0.377,0.789,-1.027,-2.042,1.078,2.418,14,0.0,CHECK_FALL
2026-03-11T16:21:36.989,0.086,0.997,0.373,-1.381,0.793,-2.112,1.068,2.645,14,0.0,CHECK_FALL
2026-03-11T16:21:37.000,0.086,0.987,0.366,-0.611,2.053,-2.532,1.057,3.316,13,0.0,CHECK_FALL
2026-03-11T16:21:37.020,0.084,0.978,0.367,1.629,1.773,-3.022,1.048,3.863,14,0.0,CHECK_FALL
2026-03-11T16:21:37.034,0.086,0.979,0.365,3.589,0.373,-3.092,1.048,4.752,14,0.0,CHECK_FALL
2026-03-11T16:21:37.043,0.086,0.982,0.367,4.429,-1.587,-3.162,1.052,5.668,13,0.0,CHECK_FALL
2026-03-11T16:21:37.054,0.082,0.985,0.369,5.059,-2.987,-2.882,1.055,6.544,14,0.0,CHECK_FALL
2026-03-11T16:21:37.064,0.079,0.985,0.381,4.919,-3.337,-2.322,1.06,6.381,14,0.0,CHECK_FALL
2026-03-11T16:21:37.086,0.084,0.983,0.399,3.239,-3.547,-2.322,1.064,5.335,13,0.0,CHECK_FALL
2026-03-11T16:21:37.099,0.087,0.975,0.403,1.209,-2.987,-2.532,1.059,4.098,14,0.0,CHECK_FALL
2026-03-11T16:21:37.107,0.091,0.967,0.395,0.159,-1.937,-2.742,1.049,3.361,14,0.0,CHECK_FALL
2026-03-11T16:21:37.128,0.099,0.963,0.38,-0.191,-0.187,-2.112,1.04,2.128,13,0.0,CHECK_FALL
2026-03-11T16:21:37.139,0.093,0.954,0.377,-0.051,0.373,-1.762,1.03,1.801,14,0.0,CHECK_FALL
2026-03-11T16:21:37.150,0.082,0.951,0.372,-0.611,1.283,-1.412,1.024,2.003,14,0.0,CHECK_FALL
2026-03-11T16:21:37.160,0.075,0.953,0.36,-2.081,1.213,-1.832,1.022,3.026,13,0.0,CHECK_FALL
2026-03-11T16:21:37.182,0.071,0.958,0.345,-1.871,1.073,-2.392,1.021,3.22,14,0.0,CHECK_FALL
2026-03-11T16:21:37.194,0.073,0.956,0.339,-0.261,0.233,-2.742,1.017,2.764,14,0.0,CHECK_FALL
2026-03-11T16:21:37.203,0.073,0.964,0.352,2.119,-1.027,-3.092,1.028,3.886,14,0.0,CHECK_FALL
2026-03-11T16:21:37.223,0.08,0.975,0.371,3.379,-2.987,-3.162,1.046,5.508,13,0.0,CHECK_FALL
2026-03-11T16:21:37.237,0.084,0.981,0.38,2.679,-4.317,-2.882,1.055,5.841,14,0.0,CHECK_FALL
2026-03-11T16:21:37.245,0.083,0.984,0.377,1.279,-3.897,-2.462,1.056,4.784,14,0.0,CHECK_FALL
2026-03-11T16:21:37.256,0.084,0.983,0.37,0.649,-2.217,-2.462,1.053,3.376,13,0.0,CHECK_FALL
2026-03-11T16:21:37.277,0.086,0.979,0.372,0.999,-0.047,-2.742,1.051,2.918,14,0.0,CHECK_FALL
2026-03-11T16:21:37.287,0.083,0.973,0.37,2.189,0.933,-3.022,1.044,3.846,14,0.0,CHECK_FALL
2026-03-11T16:21:37.300,0.085,0.972,0.367,3.519,0.793,-3.022,1.042,4.705,13,0.0,CHECK_FALL
2026-03-11T16:21:37.318,0.083,0.977,0.36,3.659,0.653,-2.602,1.044,4.537,14,0.0,CHECK_FALL
2026-03-11T16:21:37.329,0.082,0.978,0.352,2.049,0.023,-2.462,1.043,3.203,14,0.0,CHECK_FALL
2026-03-11T16:21:37.348,0.086,0.974,0.348,0.789,-0.537,-2.322,1.038,2.51,13,0.0,CHECK_FALL
2026-03-11T16:21:37.360,0.093,0.967,0.351,0.929,-0.607,-1.482,1.033,1.851,14,0.0,CHECK_FALL
2026-03-11T16:21:37.370,0.097,0.97,0.356,2.329,-0.957,-0.572,1.038,2.582,14,0.0,CHECK_FALL
2026-03-11T16:21:37.388,0.096,0.976,0.36,3.659,-1.027,0.058,1.045,3.801,13,0.0,CHECK_FALL
2026-03-11T16:21:37.397,0.091,0.98,0.368,4.359,-0.537,0.198,1.051,4.396,14,0.0,CHECK_FALL
2026-03-11T16:21:37.409,0.08,0.98,0.377,3.589,0.163,-0.012,1.053,3.593,14,0.0,CHECK_FALL
2026-03-11T16:21:37.429,0.066,0.98,0.384,2.399,1.633,-0.222,1.054,2.91,13,0.0,CHECK_FALL
2026-03-11T16:21:37.439,0.059,0.979,0.382,1.909,2.613,-0.922,1.053,3.364,14,0.0,CHECK_FALL
2026-03-11T16:21:37.452,0.055,0.975,0.374,0.929,1.633,-1.972,1.045,2.723,14,0.0,CHECK_FALL
2026-03-11T16:21:37.468,0.061,0.97,0.37,-0.751,0.583,-3.022,1.04,3.168,13,0.0,CHECK_FALL
2026-03-11T16:21:37.478,0.071,0.972,0.358,-2.151,-1.727,-3.722,1.038,4.633,14,0.0,CHECK_FALL
2026-03-11T16:21:37.488,0.069,0.972,0.351,-2.641,-3.477,-3.722,1.035,5.737,14,0.0,CHECK_FALL
2026-03-11T16:21:37.509,0.066,0.97,0.34,-1.171,-4.107,-3.932,1.03,5.805,13,0.0,CHECK_FALL
2026-03-11T16:21:37.521,0.072,0.964,0.34,1.839,-4.037,-4.422,1.025,6.263,14,0.0,CHECK_FALL
2026-03-11T16:21:37.530,0.078,0.967,0.351,4.919,-3.407,-4.772,1.032,7.653,14,0.0,CHECK_FALL
2026-03-11T16:21:37.551,0.083,0.984,0.363,6.529,-3.337,-4.702,1.053,8.71,13,0.0,CHECK_FALL
2026-03-11T16:21:37.561,0.092,1.006,0.374,6.949,-3.687,-4.282,1.077,8.956,14,0.0,CHECK_FALL
2026-03-11T16:21:37.572,0.092,1.007,0.378,4.289,-4.247,-3.932,1.08,7.204,14,0.0,CHECK_FALL
2026-03-11T16:21:37.592,0.091,0.995,0.37,-1.031,-5.157,-3.722,1.066,6.443,13,0.0,CHECK_FALL
2026-03-11T16:21:37.605,0.094,0.977,0.355,-4.811,-4.457,-3.652,1.043,7.507,14,0.0,CHECK_FALL
2026-03-11T16:21:37.614,0.092,0.965,0.344,-3.481,-2.707,-3.862,1.029,5.862,14,0.0,CHECK_FALL
2026-03-11T16:21:37.627,0.092,0.959,0.339,0.579,-0.257,-3.722,1.021,3.775,13,0.0,CHECK_FALL
2026-03-11T16:21:37.646,0.088,0.963,0.348,3.729,0.653,-3.792,1.028,5.358,14,0.0,CHECK_FALL
2026-03-11T16:21:37.656,0.086,0.972,0.359,4.569,0.513,-3.652,1.039,5.871,14,0.0,CHECK_FALL
2026-03-11T16:21:37.675,0.079,0.978,0.36,3.239,-0.257,-3.302,1.045,4.632,13,0.0,CHECK_FALL
2026-03-11T16:21:37.685,0.076,0.979,0.359,0.439,-1.097,-3.022,1.046,3.244,14,0.0,CHECK_FALL
2026-03-11T16:21:37.696,0.068,0.973,0.353,-2.571,-1.657,-3.092,1.037,4.349,14,0.0,CHECK_FALL
2026-03-11T16:21:37.715,0.068,0.962,0.343,-4.251,-1.727,-3.442,1.023,5.736,13,0.0,CHECK_FALL
2026-03-11T16:21:37.724,0.071,0.955,0.339,-3.341,-1.307,-3.792,1.015,5.22,14,0.0,CHECK_FALL
2026-03-11T16:21:37.737,0.071,0.953,0.342,-0.401,-1.307,-4.282,1.015,4.495,14,0.0,CHECK_FALL
2026-03-11T16:21:37.755,0.077,0.96,0.345,1.069,-2.777,-4.422,1.023,5.33,13,0.0,CHECK_FALL
2026-03-11T16:21:37.766,0.077,0.96,0.363,0.509,-4.667,-4.912,1.029,6.795,14,0.0,CHECK_FALL
2026-03-11T16:21:37.777,0.081,0.958,0.36,-1.171,-5.017,-4.702,1.027,6.975,14,0.0,CHECK_FALL
2026-03-11T16:21:37.797,0.09,0.954,0.347,-3.341,-4.247,-4.562,1.019,7.072,13,0.0,CHECK_FALL
2026-03-11T16:21:37.807,0.101,0.955,0.335,-3.691,-3.337,-4.002,1.017,6.385,14,0.0,STABILIZE_FALL
2026-03-11T16:21:37.807,0.103,0.954,0.331,-3.061,-2.987,-3.792,1.015,5.716,4,0.015,POSTURE_CHECK_FALL
2026-03-11T16:21:37.817,0.106,0.96,0.332,-1.941,-2.497,-3.372,1.021,4.623,6,2760896.25,JUMPING_OR_QUICK_SIT
2026-03-11T16:21:37.829,0.112,0.97,0.343,2.469,-1.167,-1.972,1.035,3.368,13,2760896.25,IDLE_FALL
2026-03-11T16:21:37.838,0.114,0.984,0.364,5.409,-0.607,-0.642,1.056,5.481,13,0.0,IDLE_FALL
2026-03-11T16:21:37.858,0.109,0.99,0.375,5.829,-0.537,0.548,1.065,5.879,14,0.0,IDLE_FALL
2026-03-11T16:21:37.869,0.109,0.995,0.381,4.779,-0.467,1.458,1.071,5.018,14,0.0,IDLE_FALL
2026-03-11T16:21:37.880,0.107,0.993,0.384,3.659,0.723,2.578,1.07,4.534,13,0.0,IDLE_FALL
2026-03-11T16:21:37.900,0.092,0.99,0.382,2.329,3.523,3.838,1.065,5.707,14,0.0,IDLE_FALL
2026-03-11T16:21:37.917,0.085,0.985,0.369,3.589,5.063,4.258,1.056,7.526,14,0.0,IDLE_FALL
2026-03-11T16:21:37.927,0.095,0.984,0.377,4.499,4.993,4.608,1.059,8.149,13,0.0,IDLE_FALL
2026-03-11T16:21:37.942,0.078,0.983,0.37,3.169,4.993,4.398,1.053,7.37,14,0.0,IDLE_FALL
2026-03-11T16:21:37.952,0.059,0.987,0.36,1.629,6.603,2.578,1.052,7.273,14,0.0,IDLE_FALL
2026-03-11T16:21:37.970,0.045,0.976,0.35,-0.191,5.833,0.478,1.038,5.855,13,0.0,IDLE_FALL
2026-03-11T16:21:37.982,0.041,0.971,0.337,0.719,4.993,-0.502,1.028,5.069,14,0.0,IDLE_FALL
2026-03-11T16:21:37.996,0.032,0.974,0.338,3.099,3.943,-1.202,1.031,5.157,14,0.0,IDLE_FALL
2026-03-11T16:21:38.012,0.028,0.975,0.353,2.889,1.703,-2.182,1.037,4.001,13,0.0,IDLE_FALL
2026-03-11T16:21:38.022,0.023,0.972,0.355,0.439,-0.677,-3.092,1.035,3.195,14,0.0,IDLE_FALL
2026-03-11T16:21:38.032,0.031,0.963,0.349,-1.941,-2.217,-4.702,1.025,5.549,14,0.0,IDLE_FALL
2026-03-11T16:21:38.053,0.045,0.956,0.342,-1.871,-3.477,-6.242,1.017,7.386,13,0.0,IDLE_FALL
2026-03-11T16:21:38.066,0.067,0.96,0.329,0.299,-2.707,-6.522,1.017,7.067,14,0.0,IDLE_FALL
2026-03-11T16:21:38.074,0.076,0.969,0.321,2.399,-2.637,-6.452,1.024,7.371,14,0.0,IDLE_FALL
2026-03-11T16:21:38.087,0.086,0.974,0.329,3.589,-4.177,-6.732,1.032,8.697,13,0.0,IDLE_FALL
2026-03-11T16:21:38.106,0.091,0.977,0.341,3.099,-5.367,-6.242,1.039,8.796,14,0.0,IDLE_FALL
2026-03-11T16:21:38.115,0.096,0.98,0.346,1.979,-6.907,-5.332,1.044,8.947,14,0.0,IDLE_FALL
2026-03-11T16:21:38.128,0.093,0.981,0.356,0.789,-6.837,-4.352,1.047,8.143,13,0.0,IDLE_FALL
2026-03-11T16:21:38.147,0.083,0.975,0.367,0.859,-4.107,-3.932,1.045,5.75,14,0.0,IDLE_FALL
2026-03-11T16:21:38.157,0.077,0.969,0.372,1.349,-1.797,-4.282,1.041,4.835,14,0.0,IDLE_FALL
2026-03-11T16:21:38.168,0.075,0.971,0.375,1.979,-0.537,-4.912,1.044,5.322,13,0.0,IDLE_FALL
2026-03-11T16:21:38.189,0.082,0.986,0.371,2.259,-1.097,-5.192,1.057,5.767,14,0.0,IDLE_FALL
2026-03-11T16:21:38.199,0.09,0.998,0.362,1.909,-3.547,-5.122,1.065,6.516,14,0.0,IDLE_FALL
2026-03-11T16:21:38.210,0.096,1.003,0.36,-0.051,-6.487,-3.582,1.07,7.41,13,0.0,IDLE_FALL
2026-03-11T16:21:38.227,0.1,1.0,0.36,-2.151,-7.187,-1.832,1.067,7.723,14,0.0,IDLE_FALL
2026-03-11T16:21:38.237,0.093,0.992,0.359,-2.991,-6.207,-0.922,1.059,6.952,14,0.0,IDLE_FALL
2026-03-11T16:21:38.258,0.088,0.976,0.358,-2.571,-3.547,-0.852,1.043,4.463,13,0.0,IDLE_FALL
2026-03-11T16:21:38.269,0.089,0.964,0.36,-0.401,-1.307,-1.482,1.033,2.016,14,0.0,IDLE_FALL
2026-03-11T16:21:38.278,0.083,0.961,0.358,1.699,0.303,-2.252,1.028,2.837,14,0.0,IDLE_FALL
2026-03-11T16:21:38.290,0.073,0.965,0.347,3.099,-0.047,-2.672,1.029,4.092,13,0.0,IDLE_FALL
2026-03-11T16:21:38.311,0.069,0.971,0.347,3.099,-1.307,-3.022,1.034,4.521,14,0.0,IDLE_FALL
2026-03-11T16:21:38.320,0.071,0.974,0.348,1.839,-2.147,-2.952,1.036,4.087,14,0.0,IDLE_FALL
2026-03-11T16:21:38.332,0.07,0.974,0.347,0.649,-2.217,-2.882,1.037,3.693,13,0.0,IDLE_FALL
2026-03-11T16:21:38.351,0.068,0.972,0.339,-0.331,-1.797,-2.742,1.031,3.295,14,0.0,IDLE_FALL
2026-03-11T16:21:38.361,0.068,0.976,0.333,-1.101,-2.497,-3.022,1.034,4.072,14,0.0,IDLE_FALL
2026-03-11T16:21:38.374,0.064,0.972,0.33,-2.011,-2.707,-3.302,1.028,4.72,13,0.0,IDLE_FALL
2026-03-11T16:21:38.394,0.064,0.969,0.338,-3.411,-4.177,-3.232,1.028,6.287,14,0.0,IDLE_FALL
2026-03-11T16:21:38.403,0.068,0.966,0.349,-3.341,-5.997,-3.372,1.03,7.648,14,0.0,IDLE_FALL
2026-03-11T16:21:38.413,0.078,0.975,0.363,-0.681,-5.367,-3.302,1.044,6.338,13,0.0,IDLE_FALL
2026-03-11T16:21:38.434,0.086,0.978,0.371,0.859,-2.707,-3.372,1.049,4.408,14,0.0,IDLE_FALL
2026-03-11T16:21:38.445,0.086,0.977,0.372,0.229,0.373,-3.442,1.049,3.469,14,0.0,IDLE_FALL
2026-03-11T16:21:38.455,0.088,0.971,0.367,0.089,2.893,-3.512,1.042,4.55,13,0.0,IDLE_FALL
2026-03-11T16:21:38.476,0.091,0.976,0.362,1.209,3.453,-3.512,1.045,5.071,14,0.0,IDLE_FALL
2026-03-11T16:21:38.488,0.089,0.982,0.358,2.609,2.333,-3.372,1.049,4.86,14,0.0,IDLE_FALL
2026-03-11T16:21:38.496,0.083,0.988,0.357,2.819,0.513,-2.952,1.054,4.113,13,0.0,IDLE_FALL
2026-03-11T16:21:38.508,0.078,0.992,0.353,1.769,-1.167,-2.952,1.056,3.634,14,0.0,IDLE_FALL
2026-03-11T16:21:38.528,0.07,0.987,0.356,0.649,-1.587,-3.162,1.052,3.597,14,0.0,IDLE_FALL
2026-03-11T16:21:38.538,0.071,0.98,0.358,0.299,-0.257,-3.372,1.046,3.395,13,0.0,IDLE_FALL
2026-03-11T16:21:38.557,0.094,0.958,0.357,1.419,3.243,-0.222,1.026,3.547,14,0.0,IDLE_FALL
2026-03-11T16:21:38.569,0.066,0.97,0.343,5.899,0.933,-1.412,1.031,6.137,14,0.0,IDLE_FALL
2026-03-11T16:21:38.580,0.073,0.973,0.359,5.829,-1.657,-1.552,1.04,6.255,13,0.0,IDLE_FALL
2026-03-11T16:21:38.597,0.071,0.981,0.365,4.219,-0.397,-2.322,1.049,4.832,14,0.0,IDLE_FALL
2026-03-11T16:21:38.611,0.07,0.982,0.364,1.909,2.123,-2.812,1.049,4.007,14,0.0,IDLE_FALL
2026-03-11T16:21:38.621,0.065,0.978,0.35,-0.821,2.893,-2.882,1.041,4.165,14,0.0,IDLE_FALL
2026-03-11T16:21:38.632,0.063,0.97,0.335,-2.361,1.843,-2.812,1.028,4.108,13,0.0,IDLE_FALL
2026-03-11T16:21:38.653,0.06,0.968,0.338,-1.451,-0.537,-3.372,1.027,3.71,14,0.0,IDLE_FALL
2026-03-11T16:21:38.666,0.063,0.965,0.343,0.859,-1.797,-3.442,1.026,3.976,14,0.0,IDLE_FALL
2026-03-11T16:21:38.680,0.06,0.968,0.353,2.609,-1.587,-3.582,1.032,4.707,13,0.0,IDLE_FALL
2026-03-11T16:21:38.695,0.063,0.971,0.366,2.749,-0.327,-3.232,1.04,4.255,14,0.0,IDLE_FALL
2026-03-11T16:21:38.705,0.064,0.976,0.37,1.979,-0.187,-3.092,1.046,3.675,14,0.0,IDLE_FALL
2026-03-11T16:21:38.721,0.065,0.982,0.363,0.999,-0.747,-3.022,1.049,3.269,13,0.0,IDLE_FALL
2026-03-11T16:21:38.726,0.067,0.984,0.348,-0.471,-0.817,-2.742,1.046,2.899,14,0.0,IDLE_FALL
2026-03-11T16:21:38.747,0.064,0.976,0.344,-0.821,-1.587,-3.162,1.037,3.632,14,0.0,IDLE_FALL
2026-03-11T16:21:38.758,0.073,0.969,0.344,0.369,-2.147,-3.022,1.031,3.725,13,0.0,IDLE_FALL
2026-03-11T16:21:38.769,0.077,0.969,0.341,1.139,-2.217,-2.812,1.031,3.757,14,0.0,IDLE_FALL
2026-03-11T16:21:38.788,0.07,0.977,0.334,0.649,-2.567,-2.602,1.035,3.712,14,0.0,IDLE_FALL
2026-03-11T16:21:38.799,0.061,0.983,0.33,0.999,-2.707,-2.672,1.038,3.932,13,0.0,IDLE_FALL
2026-03-11T16:21:38.809,0.063,0.978,0.33,2.749,-2.567,-2.952,1.034,4.781,14,0.0,IDLE_FALL
2026-03-11T16:21:38.829,0.067,0.973,0.348,3.309,-1.867,-2.952,1.036,4.811,14,0.0,IDLE_FALL
2026-03-11T16:21:38.840,0.066,0.984,0.36,2.819,-1.587,-2.742,1.05,4.24,13,0.0,IDLE_FALL
2026-03-11T16:21:38.850,0.067,0.986,0.363,2.119,-1.517,-2.882,1.053,3.885,14,0.0,IDLE_FALL
2026-03-11T16:21:38.869,0.065,0.983,0.361,0.719,-1.797,-3.022,1.049,3.588,14,0.0,IDLE_FALL
2026-03-11T16:21:38.885,0.064,0.979,0.353,-0.611,-2.777,-2.952,1.042,4.099,13,0.0,IDLE_FALL
2026-03-11T16:21:38.896,0.065,0.979,0.343,-0.331,-3.687,-2.672,1.039,4.565,14,0.0,IDLE_FALL
2026-03-11T16:21:38.915,0.071,0.974,0.348,0.859,-3.337,-2.602,1.037,4.318,14,0.0,IDLE_FALL
2026-03-11T16:21:38.925,0.078,0.972,0.35,1.769,-2.357,-2.322,1.036,3.752,13,0.0,IDLE_FALL
2026-03-11T16:21:38.936,0.076,0.969,0.347,1.349,-1.447,-2.322,1.032,3.05,14,0.0,IDLE_FALL
2026-03-11T16:21:38.947,0.074,0.972,0.344,1.069,-1.377,-1.902,1.034,2.58,14,0.0,IDLE_FALL
2026-03-11T16:21:38.968,0.066,0.975,0.342,1.699,-1.447,-1.902,1.036,2.932,13,0.0,IDLE_FALL
2026-03-11T16:21:38.982,0.061,0.978,0.35,2.189,-1.727,-1.482,1.041,3.157,14,0.0,IDLE_FALL
2026-03-11T16:21:38.990,0.053,0.984,0.348,2.119,-2.427,-1.692,1.045,3.639,14,0.0,IDLE_FALL
2026-03-11T16:21:39.010,0.058,0.988,0.353,1.279,-2.987,-1.692,1.051,3.663,13,0.0,IDLE_FALL
2026-03-11T16:21:39.021,0.065,0.988,0.356,0.159,-3.127,-2.042,1.052,3.738,14,0.0,IDLE_FALL
2026-03-11T16:21:39.036,0.073,0.983,0.353,-1.031,-2.777,-1.972,1.047,3.559,14,0.0,IDLE_FALL
2026-03-11T16:21:39.050,0.073,0.979,0.341,-0.961,-2.287,-1.762,1.04,3.043,13,0.0,IDLE_FALL
2026-03-11T16:21:39.064,0.075,0.981,0.338,-0.401,-2.777,-1.552,1.04,3.206,14,0.0,IDLE_FALL
2026-03-11T16:21:39.075,0.075,0.98,0.341,-0.401,-2.777,-1.132,1.041,3.026,14,0.0,IDLE_FALL
2026-03-11T16:21:39.094,0.076,0.99,0.337,-1.031,-2.357,-0.992,1.048,2.757,13,0.0,IDLE_FALL
2026-03-11T16:21:39.103,0.077,0.984,0.337,-1.591,-2.287,-1.202,1.043,3.034,14,0.0,IDLE_FALL
2026-03-11T16:21:39.119,0.08,0.98,0.341,-1.171,-1.307,-1.062,1.04,2.051,14,0.0,IDLE_FALL
2026-03-11T16:21:39.129,0.077,0.983,0.344,-0.261,-1.167,-0.992,1.044,1.554,13,0.0,IDLE_FALL
2026-03-11T16:21:39.139,0.072,0.98,0.352,0.649,-2.637,-1.692,1.044,3.2,14,0.0,IDLE_FALL
2026-03-11T16:21:39.160,0.072,0.973,0.358,0.789,-5.367,-2.252,1.04,5.874,14,0.0,IDLE_FALL
2026-03-11T16:21:39.171,0.077,0.974,0.359,1.279,-6.907,-2.112,1.041,7.335,13,0.0,IDLE_FALL
2026-03-11T16:21:39.189,0.086,0.981,0.354,1.139,-7.047,-0.922,1.046,7.198,14,0.0,IDLE_FALL
2026-03-11T16:21:39.199,0.088,0.984,0.345,0.789,-4.527,-0.292,1.047,4.605,14,0.0,IDLE_FALL
2026-03-11T16:21:39.213,0.089,0.977,0.341,-0.541,-1.657,0.058,1.039,1.744,13,0.0,IDLE_FALL
2026-03-11T16:21:39.229,0.084,0.976,0.335,-1.731,0.653,0.268,1.036,1.869,14,0.0,IDLE_FALL
