col1,col2,col3
730,510,0
733,489,0
747,515,0
701,460,0
701,467,0
709,452,0
682,455,0
698,438,0
706,458,0
694,442,0
700,461,0
715,433,0
712,448,0
711,442,0
711,445,0
713,447,0
731,467,0
724,435,0
723,465,0
705,481,0
712,452,0
758,461,0
711,448,0
704,471,0
703,459,0
702,438,0
704,480,0
688,456,0
719,452,0
698,467,0
709,441,0
736,467,0
690,430,0
742,458,0
699,459,0
708,443,0
730,465,0
722,427,0
741,456,0
724,480,0
699,443,0
725,489,0
689,445,0
709,453,0
707,479,0
690,448,0
728,477,0
706,474,0
706,438,0
714,478,0
700,428,0
728,456,0
699,451,0
708,477,0
706,469,0
704,451,0
719,455,0
690,477,0
712,458,0
720,468,0
684,458,0
717,459,0
692,472,0
699,454,0
687,475,0
698,454,0
701,472,0
712,473,0
707,453,0
699,466,0
709,458,0
707,442,0
736,464,0
674,452,0
729,468,0
698,466,0
731,459,0
690,458,0
709,453,0
716,487,0
695,455,0
702,469,0
692,459,0
674,455,0
721,467,0
672,451,0
736,497,0
760,565,0
742,516,0
782,551,0
768,547,0
1212,959,0
1476,1219,0
1960,1518,0
2786,2095,0
30883,24083,0
35759,28145,0
40506,32317,0
45572,37059,0
25226,21404,0
25385,21828,0
26219,22562,0
21765,18383,0
22355,18934,0
24506,20870,0
29035,24856,0
36953,31783,0
96219,101602,0
97432,103730,0
98171,105236,0
98486,106418,0
101014,111362,0
101289,111881,0
101343,111937,0
101381,112023,0
101577,112378,0
101612,112433,0
101788,112744,0
101936,113086,0
101974,113143,0
102013,113216,0
102138,113508,0
102158,113535,0
102290,113895,0
102346,114013,0
102627,114606,0
102672,114578,0
102836,114855,0
102874,114918,0
102829,114676,0
102771,114517,0
102917,114340,0
102992,114408,0
102594,112950,0
102688,112842,0
103414,113871,0
103659,114288,0
104466,115490,0
104566,115611,0
104590,115276,0
104649,115301,0
105808,116971,0
105924,117156,0
106135,117392,0
106170,117442,0
105983,116935,0
105916,116889,0
105799,116807,0
105733,116697,0
104986,115833,0
104885,115754,0
104386,115246,0
104306,115162,0
104348,115270,0
104402,115370,0
104657,115815,0
104788,115996,0
105415,116510,0
105493,116528,0
106335,117689,0
106575,118082,0
107281,119339,0
107337,119450,0
107473,119816,0
107477,119844,0
107472,119934,0
107455,119933,0
107268,119846,0
107257,119849,0
107305,120002,0
107309,120023,0
107329,120116,0
107324,120121,0
107380,120209,0
107386,120242,0
107438,120313,0
107446,120326,0
107413,120369,0
107415,120372,0
107421,120393,0
107409,120377,0
107196,119973,0
107176,119927,0
107173,119926,0
107163,119932,0
107152,120010,0
107167,120052,0
107167,120150,0
107156,120160,0
107139,120166,0
107108,120138,0
107077,120101,0
107094,120107,0
107080,120119,0
107078,120125,0
107099,120185,0
107104,120196,0
107086,120147,0
107034,120050,0
106906,119768,0
106901,119759,0
106911,119813,0
106922,119837,0
106976,119977,0
106985,119990,0
107063,120111,0
107078,120125,0
107060,120124,0
107073,120126,0
107056,120130,0
107047,120137,0
107073,120183,0
107078,120200,0
107074,120234,0
107081,120246,0
106993,120003,0
106982,119960,0
106960,119911,0
106969,119933,0
107011,120029,0
107028,120050,0
107058,120148,0
107063,120170,0
107090,120216,0
107093,120217,0
107089,120239,0
107096,120250,0
107116,120283,0
107109,120289,0
107119,120329,0
107117,120344,0
107111,120276,0
107086,120220,0
106996,120050,0
106997,120049,0
107044,120116,0
107043,120132,0
107049,120234,0
107066,120242,0
107075,120270,0
107062,120269,0
107078,120270,0
107078,120268,0
107078,120280,0
107082,120296,0
107102,120347,0
107099,120353,0
107071,120250,0
107053,120209,0
106975,120029,0
106967,120036,0
106985,120088,0
106995,120103,0
107023,120173,0
107022,120193,0
107033,120219,0
107039,120207,0
106991,120171,0
106995,120187,0
107010,120214,0
107008,120206,0
107015,120241,0
107010,120238,0
106935,120094,0
106921,120038,0
106879,119914,0
106878,119905,0
106878,119921,0
106877,119935,0
106912,120009,0
106913,120010,0
106914,120050,0
106922,120057,0
106933,120064,0
106922,120064,0
106905,120056,0
106908,120054,0
106921,120090,0
106926,120106,0
106903,120054,0
106893,119997,0
106807,119801,0
106799,119778,0
106810,119795,0
106818,119816,0
106850,119889,0
106850,119899,0
106877,119948,0
106883,119939,0
106869,119938,0
106879,119936,0
106877,119943,0
106882,119953,0
106866,119953,0
106862,119963,0
106869,119953,0
106845,119906,0
106759,119692,0
106759,119678,0
106735,119646,0
106744,119659,0
106761,119716,0
106757,119722,0
106774,119770,0
106771,119776,0
106760,119766,0
106769,119769,0
106753,119741,0
106750,119747,0
106754,119778,0
106756,119792,0
106748,119753,0
106728,119698,0
106644,119480,0
106631,119468,0
106622,119426,0
106617,119423,0
106621,119475,0
106621,119501,0
106615,119491,0
106608,119491,0
106586,119487,0
106588,119472,0
106591,119482,0
106602,119496,0
106612,119523,0
106620,119517,0
106671,119600,0
106664,119601,0
106604,119402,0
106579,119360,0
106539,119256,0
106540,119246,0
106506,119215,0
106510,119221,0
106516,119264,0
106513,119268,0
106501,119254,0
106501,119257,0
106524,119300,0
106533,119301,0
106535,119322,0
106537,119334,0
106552,119349,0
106546,119351,0
106495,119171,0
106489,119130,0
106460,119053,0
106457,119047,0
106465,119053,0
106470,119065,0
106485,119114,0
106490,119130,0
106510,119173,0
106522,119188,0
106533,119179,0
106525,119172,0
106556,119217,0
106569,119234,0
106603,119292,0
106602,119295,0
106523,119080,0
106502,119043,0
106462,118914,0
106461,118896,0
106467,118932,0
106465,118937,0
106498,119012,0
106504,119024,0
106532,119067,0
106526,119081,0
106528,119077,0
106525,119077,0
106542,119106,0
106540,119114,0
106579,119193,0
106589,119198,0
106481,118959,0
106468,118903,0
106447,118826,0
106450,118834,0
106461,118838,0
106464,118845,0
106492,118942,0
106499,118946,0
106493,118974,0
106501,118978,0
106516,119002,0
106520,119008,0
106530,119034,0
106538,119046,0
106573,119136,0
106588,119150,0
106611,119158,0
106591,119103,0
106498,118857,0
106493,118839,0
106497,118833,0
106532,118884,0
106540,118892,0
106538,118914,0
106554,118934,0
106618,119065,0
106629,119071,0
106638,119080,0
106632,119074,0
106634,119084,0
106634,119091,0
106691,119232,0
106694,119250,0
106699,119254,0
106717,119262,0
106699,119237,0
106680,119160,0
106639,119090,0
106608,119013,0
106586,118922,0
106585,118930,0
106571,118960,0
106609,119010,0
106615,119019,0
106625,119049,0
106662,119091,0
106662,119081,0
106641,119101,0
106656,119089,0
106673,119111,0
106676,119124,0
106659,119155,0
106687,119146,0
106697,119199,0
106707,119213,0
106687,119194,0
106711,119219,0
106661,119083,0
106648,119023,0
106630,118971,0
106607,118929,0
106590,118860,0
106584,118853,0
106587,118841,0
106592,118863,0
106613,119001,0
106602,119001,0
106583,119023,0
106627,119019,0
106658,119083,0
106658,119094,0
106635,119099,0
106653,119125,0
106701,119260,0
106711,119273,0
106709,119287,0
106725,119309,0
106771,119446,0
106781,119462,0
106791,119468,0
106797,119496,0
106633,119031,0
106641,119026,0
106661,119009,0
106654,119048,0
106727,119220,0
106731,119230,0
106763,119238,0
106750,119277,0
106768,119320,0
106763,119338,0
106767,119321,0
106782,119337,0
106788,119450,0
106802,119467,0
106813,119491,0
106819,119495,0
106861,119622,0
106869,119633,0
106880,119643,0
106882,119659,0
106918,119793,0
106927,119801,0
106958,119774,0
106923,119771,0
106739,119293,0
106737,119298,0
106742,119299,0
106741,119329,0
106813,119542,0
106819,119558,0
106815,119570,0
106833,119581,0
106824,119599,0
106820,119595,0
106827,119614,0
106830,119610,0
106852,119701,0
106853,119710,0
106841,119756,0
106857,119737,0
106901,119879,0
106902,119900,0
106877,119901,0
106913,119925,0
106954,120031,0
106954,120053,0
106945,120041,0
106960,120056,0
106770,119564,0
106764,119573,0
106769,119574,0
106783,119603,0
106858,119833,0
106864,119858,0
106852,119911,0
106876,119890,0
106871,119895,0
106881,119907,0
106852,119907,0
106894,119929,0
106882,119983,0
106890,120006,0
106877,119998,0
106902,120024,0
106943,120134,0
106947,120143,0
106943,120139,0
106948,120157,0
106991,120274,0
106995,120280,0
106990,120263,0
106983,120259,0
106798,119824,0
106808,119824,0
106848,119815,0
106829,119862,0
106889,120097,0
106900,120125,0
106920,120117,0
106912,120155,0
106913,120138,0
106919,120139,0
106904,120131,0
106909,120133,0
106941,120236,0
106946,120245,0
106950,120223,0
106941,120252,0
106969,120360,0
106977,120363,0
107009,120350,0
106977,120392,0
106997,120465,0
107001,120467,0
107012,120453,0
106989,120424,0
106822,120012,0
106834,120017,0
106829,120031,0
106853,120061,0
106908,120267,0
106911,120281,0
106923,120291,0
106928,120309,0
106921,120283,0
106909,120276,0
106902,120298,0
106912,120282,0
106949,120354,0
106950,120361,0
106936,120393,0
106952,120369,0
106945,120382,0
106949,120395,0
106927,120390,0
106953,120401,0
106933,120408,0
106911,120377,0
106863,120313,0
106848,120236,0
106727,119996,0
106737,120017,0
106733,120052,0
106742,120038,0
106787,120271,0
106793,120281,0
106768,120299,0
106792,120274,0
106749,120229,0
106734,120226,0
106712,120217,0
106729,120241,0
106710,120314,0
106719,120323,0
106707,120324,0
106714,120330,0
106772,120417,0
106778,120419,0
106772,120421,0
106772,120408,0
106611,119939,0
106609,119939,0
106623,119922,0
106623,119972,0
106704,120196,0
106706,120216,0
106732,120196,0
106717,120237,0
106719,120232,0
106713,120234,0
106707,120223,0
106716,120241,0
106736,120318,0
106746,120323,0
106742,120325,0
106748,120334,0
106770,120394,0
106776,120401,0
106801,120384,0
106767,120409,0
106570,119908,0
106567,119912,0
106597,119872,0
106579,119904,0
106631,120044,0
106630,120053,0
106616,120060,0
106637,120077,0
106642,120094,0
106637,120095,0
106620,120100,0
106647,120099,0
106658,120145,0
106656,120152,0
106652,120168,0
106661,120161,0
106692,120238,0
106687,120242,0
106664,120280,0
106689,120253,0
106664,120186,0
106621,120094,0
106561,120007,0
106570,119958,0
106550,119867,0
106552,119877,0
106554,119903,0
106553,119927,0
106611,120049,0
106597,120040,0
106597,120051,0
106596,120036,0
106585,120024,0
106593,120037,0
106573,120073,0
106593,120054,0
106602,120084,0
106606,120089,0
106581,120061,0
106598,120091,0
106584,120092,0
106578,120091,0
106575,120079,0
106573,120082,0
106432,119753,0
106415,119679,0
106390,119628,0
106364,119578,0
106287,119482,0
106285,119487,0
106276,119447,0
106275,119464,0
106201,119460,0
106186,119449,0
106187,119408,0
106217,119451,0
106195,119468,0
106175,119465,0
106165,119449,0
106155,119460,0
106200,119524,0
106194,119533,0
106198,119538,0
106215,119549,0
106261,119657,0
106268,119663,0
106279,119653,0
106302,119688,0
106303,119566,0
106290,119487,0
106260,119387,0
106263,119336,0
106230,119254,0
106315,119427,0
106318,119416,0
106324,119451,0
106320,119439,0
106307,119438,0
106256,119350,0
106267,119345,0
106253,119342,0
106260,119370,0
106289,119440,0
106308,119480,0
106322,119476,0
106328,119510,0
106360,119599,0
106368,119617,0
106385,119688,0
106388,119706,0
106395,119729,0
106395,119737,0
106272,119430,0
106236,119344,0
106200,119176,0
106197,119173,0
106224,119252,0
106239,119273,0
106268,119358,0
106264,119366,0
106278,119390,0
106273,119389,0
106267,119359,0
106263,119363,0
106264,119391,0
106262,119385,0
106294,119444,0
106297,119458,0
106306,119473,0
106302,119482,0
106313,119556,0
106318,119564,0
106316,119609,0
106320,119623,0
106348,119644,0
106354,119651,0
106352,119691,0
106349,119670,0
106186,119217,0
106174,119160,0
106146,119071,0
106153,119084,0
106183,119141,0
106185,119154,0
106189,119243,0
106188,119259,0
106209,119253,0
106213,119248,0
106182,119204,0
106189,119202,0
106199,119247,0
106206,119243,0
106219,119274,0
106205,119257,0
106185,119235,0
106171,119224,0
106166,119226,0
106160,119220,0
106147,119213,0
106155,119226,0
106155,119230,0
106161,119240,0
106179,119277,0
106174,119273,0
106050,118937,0
106032,118882,0
105969,118688,0
105964,118676,0
105965,118678,0
105958,118670,0
105961,118690,0
105981,118704,0
105993,118752,0
105997,118744,0
105993,118732,0
106000,118731,0
106013,118781,0
106023,118794,0
106040,118849,0
106050,118865,0
106068,118918,0
106061,118920,0
106071,118944,0
106071,118945,0
106069,118967,0
106074,118978,0
106087,119014,0
106091,119017,0
106126,119096,0
106127,119114,0
106183,119216,0
106181,119217,0
106071,118893,0
106054,118846,0
106045,118787,0
106055,118806,0
106092,118890,0
106105,118922,0
106124,119006,0
106130,119013,0
106117,119002,0
106110,118991,0
106093,118951,0
106091,118959,0
106104,119011,0
106102,119018,0
106117,119065,0
106126,119084,0
106147,119161,0
106150,119171,0
106162,119223,0
106169,119250,0
106185,119295,0
106189,119311,0
106197,119347,0
106198,119383,0
106242,119453,0
106244,119462,0
106252,119463,0
106251,119475,0
106191,119322,0
106159,119229,0
106052,118992,0
106059,118996,0
106104,119093,0
106108,119122,0
106146,119260,0
106149,119278,0
106176,119299,0
106171,119293,0
106149,119229,0
106147,119211,0
106145,119238,0
106136,119247,0
106159,119298,0
106164,119316,0
106188,119371,0
106187,119379,0
106213,119445,0
106215,119456,0
106221,119464,0
106230,119480,0
106232,119504,0
106242,119507,0
106235,119534,0
106248,119550,0
106258,119572,0
106258,119569,0
106190,119405,0
106150,119317,0
106072,119071,0
106060,119055,0
106089,119110,0
106091,119129,0
106117,119225,0
106126,119246,0
106136,119281,0
106149,119280,0
106130,119259,0
106130,119255,0
106130,119279,0
106132,119276,0
106153,119324,0
106162,119336,0
106171,119389,0
106177,119395,0
106199,119457,0
106206,119468,0
106224,119486,0
106214,119502,0
106207,119532,0
106214,119551,0
106236,119585,0
106245,119587,0
106244,119606,0
106255,119618,0
106202,119478,0
106156,119387,0
106067,119131,0
106063,119124,0
106100,119192,0
106097,119195,0
106114,119280,0
106125,119300,0
106131,119331,0
106135,119326,0
106129,119293,0
106125,119299,0
106116,119313,0
106120,119326,0
106146,119371,0
106157,119388,0
106152,119428,0
106157,119434,0
106174,119470,0
106171,119477,0
106183,119502,0
106175,119499,0
106189,119525,0
106191,119534,0
106185,119548,0
106184,119561,0
106191,119566,0
106186,119575,0
106199,119607,0
106189,119605,0
106071,119249,0
106039,119196,0
106036,119144,0
106044,119158,0
106056,119237,0
106072,119260,0
106094,119338,0
106094,119345,0
106088,119315,0
106088,119314,0
106075,119294,0
106074,119304,0
106094,119349,0
106094,119349,0
106122,119416,0
106125,119425,0
106137,119448,0
106136,119456,0
106139,119490,0
106142,119486,0
106161,119530,0
106151,119529,0
106161,119561,0
106163,119566,0
106164,119598,0
106171,119601,0
106191,119657,0
106194,119656,0
106129,119466,0
106095,119388,0
106001,119165,0
106005,119165,0
106034,119234,0
106045,119256,0
106064,119346,0
106061,119361,0
106067,119364,0
106079,119355,0
106052,119306,0
106049,119301,0
106060,119350,0
106056,119348,0
106060,119388,0
106068,119405,0
106086,119454,0
106093,119458,0
106103,119494,0
106104,119494,0
106096,119516,0
106102,119514,0
106114,119543,0
106109,119535,0
106114,119560,0
106110,119568,0
106126,119609,0
106136,119619,0
106137,119627,0
106123,119600,0
105996,119245,0
105982,119206,0
105975,119170,0
105986,119192,0
105985,119204,0
106030,119377,0
106036,119388,0
106035,119374,0
106040,119391,0
106016,119334,0
106015,119329,0
106009,119308,0
106027,119339,0
106039,119427,0
106045,119445,0
106054,119428,0
106076,119463,0
106064,119506,0
106078,119532,0
106077,119517,0
106075,119532,0
106084,119545,0
106074,119548,0
106081,119586,0
106089,119617,0
106107,119620,0
106107,119638,0
106040,119474,0
106005,119393,0
105927,119179,0
105922,119174,0
105975,119268,0
105969,119271,0
105991,119368,0
106000,119387,0
106011,119388,0
106004,119382,0
105968,119333,0
105963,119314,0
105971,119353,0
105974,119368,0
105983,119396,0
105993,119411,0
106001,119448,0
106008,119445,0
106003,119482,0
106004,119488,0
106018,119510,0
106026,119518,0
106014,119527,0
106013,119524,0
106027,119566,0
106033,119564,0
106048,119601,0
106032,119603,0
105947,119351,0
105922,119281,0
105867,119152,0
105879,119150,0
105901,119238,0
105909,119252,0
105919,119327,0
105922,119334,0
105921,119318,0
105917,119310,0
105906,119281,0
105909,119275,0
105910,119306,0
105915,119318,0
105945,119366,0
105943,119372,0
105942,119400,0
105936,119398,0
105937,119432,0
105939,119436,0
105960,119454,0
105963,119457,0
105954,119473,0
105957,119483,0
105967,119506,0
105973,119513,0
105994,119537,0
105984,119548,0
105873,119262,0
105855,119195,0
105819,119084,0
105826,119094,0
105847,119163,0
105849,119172,0
105856,119239,0
105851,119238,0
105872,119246,0
105874,119227,0
105859,119199,0
105850,119203,0
105865,119239,0
105861,119255,0
105889,119293,0
105895,119299,0
105882,119300,0
105879,119312,0
105901,119338,0
105899,119336,0
105898,119340,0
105899,119352,0
105903,119363,0
105905,119383,0
105922,119414,0
105926,119426,0
105938,119474,0
105953,119485,0
105894,119344,0
105861,119254,0
105791,119035,0
105789,119030,0
105826,119093,0
105836,119095,0
105827,119151,0
105836,119164,0
105833,119170,0
105834,119158,0
105813,119122,0
105805,119120,0
105837,119166,0
105838,119170,0
105824,119195,0
105838,119214,0
105867,119241,0
105864,119243,0
105846,119243,0
105848,119247,0
105860,119263,0
105858,119277,0
105874,119299,0
105864,119297,0
105877,119327,0
105872,119327,0
105878,119359,0
105866,119356,0
105891,119378,0
105898,119368,0
105847,119198,0
105809,119119,0
105743,118900,0
105736,118904,0
105753,118934,0
105762,118936,0
105761,118997,0
105768,118995,0
105771,118998,0
105768,118983,0
105740,118957,0
105739,118957,0
105760,118988,0
105751,118982,0
105757,119024,0
105764,119032,0
105762,119062,0
105761,119059,0
105761,119090,0
105772,119098,0
105759,119119,0
105767,119121,0
105761,119160,0
105762,119166,0
105778,119216,0
105784,119229,0
105774,119268,0
105777,119272,0
105795,119311,0
105798,119315,0
105804,119347,0
105806,119371,0
105708,119172,0
105675,119068,0
105610,118843,0
105615,118842,0
105639,118913,0
105644,118922,0
105670,119018,0
105672,119037,0
105691,119035,0
105686,119028,0
105658,118954,0
105666,118953,0
105651,118964,0
105658,118969,0
105675,119021,0
105689,119024,0
105699,119051,0
105693,119050,0
105690,119063,0
105696,119078,0
105708,119093,0
105722,119085,0
105722,119083,0
105717,119086,0
105718,119083,0
105715,119084,0
105696,119081,0
105697,119084,0
105695,119071,0
105674,119022,0
105561,118685,0
105553,118643,0
105529,118591,0
105531,118607,0
105551,118641,0
105548,118650,0
105546,118682,0
105552,118686,0
105550,118660,0
105551,118658,0
105544,118643,0
105540,118638,0
105536,118676,0
105552,118688,0
105561,118723,0
105568,118720,0
105564,118745,0
105570,118760,0
105570,118772,0
105567,118759,0
105581,118803,0
105583,118811,0
105585,118832,0
105588,118831,0
105598,118860,0
105593,118866,0
105618,118916,0
105619,118907,0
105545,118663,0
105518,118578,0
105420,118327,0
105425,118322,0
105422,118312,0
105413,118301,0
105407,118315,0
105406,118327,0
105438,118343,0
105427,118343,0
105407,118319,0
105404,118319,0
105412,118327,0
105413,118334,0
105428,118374,0
105433,118376,0
105436,118429,0
105440,118430,0
105459,118463,0
105466,118464,0
105468,118494,0
105473,118504,0
105482,118548,0
105485,118547,0
105506,118615,0
105511,118627,0
105534,118677,0
105531,118694,0
105550,118742,0
105556,118764,0
105580,118820,0
105588,118826,0
105444,118444,0
105418,118375,0
105378,118229,0
105382,118232,0
105391,118249,0
105392,118252,0
105407,118287,0
105415,118296,0
105420,118315,0
105420,118322,0
105417,118305,0
105419,118304,0
105420,118335,0
105427,118347,0
105438,118389,0
105443,118402,0
105462,118437,0
105469,118449,0
105466,118480,0
105473,118489,0
105475,118520,0
105476,118519,0
105492,118550,0
105492,118549,0
105510,118586,0
105509,118597,0
105521,118630,0
105532,118631,0
105529,118665,0
105535,118662,0
105556,118706,0
105557,118718,0
105485,118540,0
105459,118458,0
105375,118187,0
105365,118178,0
105364,118161,0
105385,118202,0
105383,118211,0
105375,118215,0
105387,118229,0
105398,118241,0
105403,118231,0
105386,118230,0
105396,118260,0
105401,118260,0
105409,118271,0
105422,118347,0
105416,118359,0
105424,118368,0
105429,118372,0
105443,118418,0
105443,118426,0
105448,118450,0
105456,118442,0
105471,118485,0
105468,118476,0
105446,118509,0
105469,118502,0
105487,118571,0
105486,118586,0
105467,118579,0
105500,118617,0
105349,118210,0
105329,118161,0
105324,118119,0
105337,118118,0
105330,118142,0
105325,118159,0
105319,118191,0
105339,118196,0
105365,118218,0
105361,118221,0
105332,118223,0
105350,118205,0
105353,118268,0
105358,118276,0
105355,118279,0
105381,118309,0
105406,118406,0
105411,118416,0
105420,118418,0
105425,118436,0
105431,118451,0
105427,118462,0
105431,118457,0
105431,118479,0
105445,118483,0
105439,118488,0
105453,118456,0
105445,118492,0
105464,118528,0
105447,118488,0
105448,118416,0
105393,118356,0
105284,118026,0
105293,118032,0
105281,118034,0
105289,118045,0
105316,118145,0
105320,118154,0
105319,118155,0
105318,118145,0
105295,118107,0
105297,118109,0
105322,118084,0
105302,118120,0
105326,118194,0
105326,118207,0
105342,118185,0
105336,118224,0
105357,118253,0
105351,118267,0
105349,118259,0
105358,118266,0
105376,118311,0
105368,118318,0
105372,118323,0
105362,118336,0
105388,118395,0
105394,118401,0
105385,118426,0
105392,118401,0
105241,117934,0
105243,117920,0
105222,117931,0
105253,117926,0
105264,118008,0
105267,118017,0
105250,118005,0
105273,118024,0
105247,117978,0
105251,117987,0
105246,117982,0
105256,117988,0
105275,118051,0
105280,118052,0
105265,118084,0
105280,118054,0
105278,118109,0
105291,118110,0
105255,118096,0
105300,118125,0
105324,118188,0
105322,118191,0
105305,118174,0
105319,118199,0
105331,118263,0
105340,118271,0
105348,118284,0
105355,118295,0
105261,118062,0
105235,117991,0
105224,117918,0
105201,117890,0
105208,117881,0
105221,117903,0
105232,117873,0
105212,117912,0
105228,117982,0
105228,117970,0
105232,117936,0
105214,117950,0
105220,117996,0
105228,118000,0
105214,118010,0
105226,118023,0
105269,118121,0
105261,118130,0
105274,118116,0
105267,118152,0
105296,118241,0
105296,118238,0
105306,118221,0
105295,118253,0
105331,118340,0
105326,118352,0
105343,118336,0
105333,118368,0
105374,118416,0
105382,118418,0
105373,118422,0
105382,118430,0
105239,118003,0
105227,117964,0
105221,117944,0
105211,117920,0
105244,118025,0
105250,118035,0
105243,118069,0
105252,118056,0
105244,118023,0
105241,118010,0
105206,118014,0
105223,117985,0
105250,118020,0
105244,118033,0
105230,118017,0
105257,118053,0
105274,118095,0
105283,118099,0
105280,118087,0
105286,118093,0
105288,118102,0
105278,118097,0
105276,118141,0
105287,118126,0
105298,118161,0
105304,118174,0
105275,118199,0
105309,118202,0
105172,117810,0
105152,117756,0
105119,117709,0
105134,117701,0
105114,117654,0
105106,117658,0
105103,117656,0
105105,117658,0
105135,117699,0
105129,117684,0
105117,117667,0
105102,117667,0
105119,117691,0
105118,117687,0
105130,117664,0
105120,117705,0
105138,117767,0
105146,117779,0
105176,117766,0
105158,117803,0
105170,117833,0
105178,117844,0
105163,117848,0
105184,117842,0
105215,117913,0
105213,117921,0
105205,117884,0
105185,117855,0
105024,117391,0
105018,117375,0
105048,117349,0
105019,117367,0
105014,117339,0
105014,117342,0
105020,117328,0
105015,117348,0
105004,117348,0
105008,117352,0
104990,117350,0
105016,117352,0
105040,117406,0
105040,117420,0
105051,117430,0
105046,117436,0
105068,117465,0
105060,117469,0
105052,117499,0
105068,117491,0
105097,117577,0
105103,117591,0
105095,117620,0
105123,117607,0
104960,117159,0
104956,117133,0
104944,117091,0
104942,117087,0
104927,117033,0
104934,117028,0
104917,117039,0
104920,117034,0
104950,117064,0
104945,117061,0
104923,117082,0
104935,117061,0
104966,117118,0
104968,117134,0
104942,117149,0
104976,117159,0
104997,117216,0
104998,117239,0
104990,117237,0
105003,117258,0
105047,117343,0
105047,117343,0
105050,117349,0
105061,117362,0
105086,117435,0
105090,117451,0
105098,117433,0
105105,117479,0
105127,117556,0
105138,117561,0
105136,117538,0
105164,117589,0
105078,117404,0
105050,117317,0
105030,117224,0
105016,117175,0
104937,116972,0
104946,116958,0
104933,116937,0
104928,116948,0
104942,116951,0
104945,116947,0
104938,116920,0
104937,116932,0
104932,116926,0
104937,116936,0
104948,116914,0
104968,116948,0
104975,117031,0
105002,117049,0
105010,117037,0
105005,117051,0
105008,117094,0
105006,117109,0
105035,117142,0
105033,117148,0
105039,117140,0
105043,117176,0
105074,117210,0
105063,117196,0
105071,117186,0
105071,117216,0
105085,117244,0
105094,117253,0
105102,117299,0
105107,117278,0
105003,116975,0
104977,116906,0
104923,116718,0
104917,116698,0
104894,116627,0
104884,116630,0
104879,116640,0
104887,116651,0
104901,116663,0
104906,116658,0
104896,116651,0
104903,116659,0
104928,116710,0
104932,116714,0
104952,116774,0
104959,116775,0
104976,116811,0
104976,116828,0
105006,116889,0
105012,116898,0
105024,116929,0
105025,116938,0
105045,116977,0
105048,116990,0
105068,117035,0
105070,117044,0
105092,117084,0
105093,117105,0
105106,117159,0
105117,117161,0
105133,117223,0
105145,117231,0
105145,117210,0
105124,117162,0
105034,116878,0
105028,116841,0
105011,116764,0
105017,116754,0
105010,116758,0
105010,116765,0
105022,116787,0
105027,116798,0
105016,116786,0
105013,116784,0
105028,116791,0
105034,116799,0
105061,116865,0
105052,116873,0
105071,116912,0
105080,116925,0
105101,116979,0
105096,116983,0
105117,117012,0
105125,117022,0
105138,117067,0
105145,117073,0
105165,117126,0
105171,117142,0
105183,117179,0
105180,117195,0
105215,117248,0
105214,117269,0
105230,117310,0
105240,117322,0
105253,117361,0
105247,117359,0
105163,117089,0
105144,117034,0
105121,116938,0
105120,116945,0
105133,116987,0
105132,116986,0
105149,117049,0
105148,117052,0
105160,117049,0
105161,117052,0
105152,117060,0
105165,117071,0
105183,117108,0
105185,117117,0
105204,117170,0
105200,117183,0
105224,117234,0
105231,117237,0
105250,117274,0
105236,117286,0
105257,117325,0
105266,117344,0
105286,117370,0
105279,117366,0
105296,117439,0
105308,117446,0
105324,117518,0
105335,117535,0
105372,117578,0
105371,117581,0
105358,117570,0
105339,117529,0
105258,117274,0
105249,117234,0
105253,117203,0
105244,117208,0
105250,117266,0
105260,117287,0
105297,117338,0
105300,117346,0
105284,117321,0
105283,117313,0
105276,117297,0
105278,117301,0
105294,117336,0
105303,117341,0
105308,117394,0
105312,117392,0
105336,117429,0
105323,117445,0
105342,117462,0
105347,117462,0
105350,117495,0
105351,117503,0
105368,117555,0
105374,117564,0
105387,117602,0
105393,117604,0
105395,117674,0
105393,117688,0
105424,117732,0
105437,117747,0
105414,117706,0
105386,117653,0
105280,117384,0
105276,117358,0
105295,117337,0
105293,117350,0
105298,117427,0
105307,117449,0
105316,117521,0
105323,117535,0
105330,117548,0
105334,117546,0
105304,117529,0
105316,117550,0
105355,117606,0
105360,117616,0
105383,117653,0
105381,117670,0
105387,117686,0
105388,117691,0
105404,117704,0
105397,117711,0
105405,117744,0
105405,117727,0
105410,117752,0
105406,117765,0
105425,117791,0
105422,117796,0
105434,117831,0
105432,117838,0
105422,117802,0
105409,117763,0
105308,117508,0
105314,117477,0
105316,117463,0
105309,117475,0
105319,117517,0
105325,117527,0
105320,117567,0
105320,117567,0
105327,117553,0
105307,117526,0
105288,117524,0
105288,117526,0
105300,117587,0
105307,117583,0
105323,117637,0
105330,117652,0
105341,117681,0
105332,117682,0
105347,117697,0
105354,117709,0
105369,117704,0
105362,117716,0
105372,117725,0
105366,117736,0
105362,117759,0
105364,117723,0
105255,117420,0
105213,117342,0
105165,117247,0
105174,117243,0
105180,117254,0
105176,117253,0
105184,117276,0
105188,117283,0
105192,117295,0
105187,117290,0
105160,117266,0
105165,117273,0
105183,117302,0
105185,117305,0
105176,117347,0
105189,117356,0
105199,117392,0
105207,117390,0
105211,117392,0
105218,117404,0
105222,117449,0
105219,117447,0
105242,117476,0
105234,117479,0
105248,117506,0
105253,117507,0
105145,117223,0
105125,117175,0
105073,116967,0
105061,116944,0
105050,116917,0
105044,116920,0
105043,116898,0
105044,116912,0
105072,116951,0
105074,116951,0
105062,116915,0
105058,116915,0
105061,116911,0
105057,116921,0
105085,116961,0
105084,116967,0
105090,116993,0
105091,117008,0
105109,117048,0
105111,117054,0
105112,117092,0
105121,117108,0
105139,117152,0
105152,117161,0
105157,117196,0
105158,117202,0
105174,117252,0
105177,117266,0
105194,117250,0
105174,117198,0
105036,116787,0
105003,116719,0
104955,116544,0
104949,116524,0
104911,116415,0
104900,116396,0
104889,116386,0
104901,116374,0
104887,116356,0
104885,116355,0
104877,116328,0
104881,116339,0
104874,116334,0
104896,116390,0
104907,116391,0
104908,116414,0
104916,116432,0
104915,116436,0
104930,116490,0
104941,116501,0
104958,116534,0
104956,116534,0
104959,116552,0
104984,116631,0
104983,116641,0
104985,116662,0
104996,116668,0
105008,116732,0
105011,116731,0
105010,116762,0
105020,116754,0
104943,116544,0
104922,116460,0
104852,116400,0
104863,116303,0
104784,116024,0
104781,116013,0
104739,115985,0
104752,115989,0
104773,115990,0
104771,116003,0
104766,116000,0
104771,115999,0
104771,116018,0
104782,116028,0
104776,116059,0
104791,116040,0
104813,116114,0
104818,116137,0
104794,116171,0
104832,116161,0
104852,116220,0
104855,116230,0
104829,116229,0
104857,116258,0
104895,116348,0
104896,116365,0
104895,116352,0
104896,116388,0
104947,116489,0
104952,116498,0
104954,116510,0
104959,116523,0
104917,116396,0
104880,116318,0
104868,116227,0
104840,116179,0
104780,115944,0
104773,115943,0
104798,115901,0
104762,115914,0
104768,115934,0
104775,115939,0
104769,115932,0
104776,115928,0
104775,115948,0
104778,115969,0
104783,115976,0
104792,115995,0
104820,116106,0
104833,116126,0
104855,116108,0
104847,116155,0
104884,116231,0
104886,116242,0
104924,116218,0
104891,116252,0
104933,116350,0
104946,116359,0
104940,116360,0
104953,116393,0
104976,116483,0
104985,116492,0
104975,116499,0
104995,116504,0
104942,116377,0
104913,116308,0
104891,116252,0
104880,116186,0
104814,115967,0
104813,115968,0
104800,115990,0
104817,115956,0
104823,115998,0
104828,115987,0
104785,116002,0
104818,115990,0
104837,116024,0
104837,116038,0
104837,116050,0
104844,116062,0
104884,116158,0
104888,116177,0
104894,116196,0
104898,116194,0
104937,116289,0
104939,116310,0
104915,116336,0
104950,116336,0
104995,116455,0
104991,116460,0
104965,116468,0
105003,116481,0
105027,116583,0
105030,116595,0
105025,116608,0
105053,116636,0
105012,116570,0
105001,116506,0
104979,116444,0
104969,116390,0
104937,116287,0
104935,116290,0
104944,116269,0
104936,116302,0
104968,116358,0
104956,116352,0
104985,116321,0
104967,116364,0
104975,116404,0
104972,116412,0
104973,116408,0
104990,116442,0
105070,116636,0
105083,116657,0
105086,116679,0
105095,116697,0
105127,116787,0
105113,116784,0
105116,116766,0
105127,116801,0
105151,116906,0
105148,116908,0
105177,116881,0
105151,116919,0
105188,117038,0
105206,117043,0
105209,117037,0
105197,117063,0
105081,116713,0
105059,116688,0
105046,116658,0
105046,116656,0
105073,116708,0
105077,116734,0
105082,116736,0
105087,116751,0
105094,116793,0
105100,116791,0
105084,116824,0
105099,116804,0
105119,116862,0
105133,116887,0
105126,116877,0
105139,116899,0
105176,117000,0
105172,117015,0
105172,117012,0
105178,117025,0
105215,117110,0
105217,117112,0
105218,117127,0
105232,117126,0
105242,117212,0
105250,117222,0
105237,117257,0
105254,117249,0
105283,117323,0
105280,117298,0
105238,117236,0
105230,117176,0
105147,116903,0
105146,116908,0
105123,116902,0
105140,116923,0
105193,117016,0
105202,117031,0
105191,117036,0
105196,117045,0
105183,117023,0
105183,117031,0
105193,117016,0
105187,117046,0
105220,117118,0
105226,117141,0
105258,117113,0
105236,117156,0
105260,117230,0
105259,117227,0
105255,117217,0
105265,117241,0
105289,117320,0
105289,117316,0
105290,117317,0
105291,117334,0
105330,117428,0
105323,117445,0
105327,117418,0
105318,117439,0
105156,116998,0
105153,116989,0
105177,116952,0
105143,116986,0
105188,117123,0
105191,117144,0
105201,117131,0
105199,117163,0
105194,117178,0
105208,117188,0
105201,117187,0
105205,117190,0
105236,117257,0
105235,117257,0
105237,117280,0
105238,117289,0
105266,117403,0
105271,117404,0
105262,117446,0
105274,117426,0
105293,117460,0
105296,117464,0
105286,117458,0
105290,117488,0
105345,117591,0
105341,117589,0
105329,117576,0
105317,117548,0
105163,117126,0
105158,117129,0
105168,117145,0
105171,117160,0
105213,117257,0
105217,117273,0
105204,117314,0
105232,117298,0
105236,117286,0
105234,117274,0
105205,117273,0
105226,117276,0
105265,117380,0
105266,117388,0
105257,117380,0
105272,117406,0
105293,117497,0
105291,117506,0
105292,117490,0
105295,117494,0
105307,117545,0
105306,117549,0
105307,117547,0
105310,117573,0
105367,117710,0
105363,117716,0
105346,117719,0
105361,117702,0
105167,117223,0
105171,117205,0
105153,117195,0
105173,117216,0
105195,117289,0
105201,117303,0
105201,117322,0
105218,117343,0
105212,117348,0
105214,117340,0
105207,117329,0
105219,117352,0
105236,117438,0
105235,117452,0
105250,117437,0
105278,117482,0
105285,117548,0
105292,117582,0
105288,117578,0
105297,117593,0
105297,117592,0
105305,117600,0
105329,117651,0
105330,117654,0
105327,117630,0
105354,117665,0
105233,117431,0
105162,117217,0
105157,117193,0
105152,117209,0
105171,117243,0
105176,117248,0
105191,117301,0
105202,117321,0
105207,117291,0
105200,117310,0
105186,117274,0
105175,117264,0
105205,117296,0
105207,117297,0
105205,117325,0
105202,117326,0
105209,117354,0
105215,117362,0
105229,117384,0
105232,117396,0
105221,117395,0
105229,117402,0
105239,117426,0
105238,117427,0
105250,117475,0
105250,117484,0
105214,117381,0
105184,117308,0
105069,117009,0
105055,116972,0
105051,116938,0
105054,116955,0
105058,116942,0
105058,116939,0
105061,116972,0
105063,116982,0
105058,116958,0
105047,116946,0
105050,116951,0
105047,116956,0
105073,116997,0
105075,117011,0
105089,117037,0
105079,117039,0
105098,117070,0
105096,117071,0
105103,117080,0
105103,117093,0
105113,117116,0
105121,117129,0
105118,117177,0
105123,117164,0
105030,116874,0
105003,116799,0
104915,116579,0
104911,116561,0
104907,116501,0
104892,116492,0
104875,116464,0
104884,116469,0
104891,116506,0
104898,116514,0
104893,116489,0
104886,116485,0
104887,116507,0
104888,116519,0
104916,116556,0
104911,116565,0
104922,116605,0
104917,116619,0
104933,116651,0
104929,116653,0
104938,116707,0
104948,116727,0
104951,116712,0
104936,116670,0
104811,116344,0
104784,116291,0
104727,116117,0
104732,116110,0
104716,116043,0
104700,116041,0
104703,116016,0
104697,116019,0
104709,116059,0
104714,116061,0
104702,116023,0
104692,116027,0
104728,116088,0
104716,116113,0
104736,116151,0
104738,116156,0
104759,116226,0
104771,116230,0
104781,116271,0
104785,116276,0
104797,116326,0
104801,116328,0
104826,116406,0
104828,116413,0
104841,116442,0
104832,116455,0
104853,116506,0
104853,116509,0
104870,116561,0
104871,116579,0
104880,116579,0
104871,116535,0
104719,116119,0
104696,116061,0
104621,115825,0
104625,115816,0
104591,115711,0
104577,115689,0
104562,115698,0
104586,115715,0
104580,115766,0
104578,115787,0
104604,115823,0
104613,115827,0
104631,115873,0
104638,115883,0
104654,115904,0
104658,115909,0
104676,115961,0
104673,115970,0
104701,116030,0
104701,116053,0
104700,116103,0
104710,116116,0
104738,116185,0
104736,116199,0
104775,116279,0
104775,116283,0
104784,116324,0
104800,116340,0
104777,116293,0
104760,116241,0
104624,115886,0
104612,115828,0
104557,115663,0
104553,115656,0
104538,115625,0
104542,115618,0
104536,115648,0
104546,115665,0
104580,115716,0
104576,115710,0
104565,115711,0
104572,115709,0
104595,115772,0
104596,115759,0
104609,115812,0
104610,115823,0
104637,115896,0
104643,115905,0
104660,115969,0
104668,115980,0
104681,116045,0
104692,116055,0
104717,116126,0
104717,116137,0
104738,116178,0
104747,116203,0
104762,116253,0
104773,116262,0
104738,116184,0
104716,116130,0
104604,115823,0
104599,115777,0
104579,115732,0
104573,115720,0
104576,115718,0
104578,115722,0
104598,115774,0
104602,115781,0
104609,115782,0
104595,115780,0
104611,115798,0
104612,115819,0
104648,115877,0
104644,115881,0
104672,115963,0
104680,115975,0
104696,116014,0
104693,116040,0
104720,116092,0
104731,116109,0
104739,116148,0
104743,116167,0
104776,116233,0
104774,116236,0
104799,116298,0
104798,116325,0
104833,116390,0
104838,116400,0
104850,116433,0
104850,116433,0
104751,116186,0
104742,116135,0
104690,115978,0
104686,115975,0
104693,115985,0
104691,116004,0
104715,116052,0
104724,116071,0
104740,116096,0
104740,116102,0
104733,116100,0
104739,116119,0
104769,116173,0
104769,116190,0
104785,116239,0
104783,116245,0
104816,116312,0
104816,116322,0
104842,116376,0
104851,116389,0
104855,116419,0
104854,116430,0
104884,116498,0
104888,116493,0
104896,116530,0
104904,116554,0
104940,116609,0
104942,116618,0
104884,116508,0
104879,116461,0
104784,116232,0
104786,116221,0
104795,116227,0
104798,116237,0
104815,116285,0
104820,116305,0
104838,116348,0
104847,116354,0
104847,116357,0
104843,116360,0
104868,116410,0
104866,116422,0
104888,116487,0
104897,116496,0
104929,116580,0
104928,116601,0
104960,116626,0
104949,116632,0
104978,116679,0
104977,116690,0
104985,116719,0
104990,116725,0
105009,116788,0
105014,116786,0
105037,116835,0
105034,116843,0
105047,116908,0
105052,116915,0
104994,116784,0
104980,116726,0
104899,116485,0
104891,116470,0
104890,116470,0
104888,116482,0
104910,116513,0
104908,116513,0
104932,116559,0
104927,116558,0
104932,116561,0
104927,116566,0
104930,116553,0
104953,116618,0
104949,116639,0
104963,116637,0
104968,116679,0
104975,116687,0
104983,116695,0
105007,116773,0
105006,116768,0
105014,116798,0
105014,116802,0
105043,116873,0
105050,116882,0
105049,116898,0
105057,116916,0
105090,117012,0
105094,117026,0
105088,117064,0
105098,117039,0
104947,116629,0
104933,116601,0
104903,116600,0
104928,116571,0
104943,116597,0
104942,116609,0
104930,116594,0
104944,116625,0
104956,116675,0
104954,116679,0
104951,116679,0
104964,116689,0
104982,116746,0
104978,116754,0
104972,116795,0
104996,116779,0
105015,116866,0
105029,116881,0
105004,116863,0
105030,116897,0
105050,116965,0
105059,116966,0
105048,116963,0
105068,116995,0
105096,117058,0
105093,117074,0
105106,117069,0
105104,117090,0
104945,116703,0
104935,116676,0
104939,116634,0
104932,116660,0
104959,116698,0
104958,116706,0
104985,116685,0
104967,116732,0
104979,116748,0
104978,116741,0
104975,116713,0
104972,116721,0
104988,116765,0
104980,116765,0
104984,116770,0
104987,116779,0
105000,116826,0
105006,116826,0
105023,116804,0
105022,116838,0
105017,116870,0
105014,116873,0
105051,116866,0
105031,116885,0
105045,116932,0
105043,116935,0
105039,116923,0
105059,116930,0
104977,116756,0
104949,116689,0
104916,116613,0
104901,116557,0
104840,116394,0
104831,116396,0
104828,116396,0
104839,116382,0
104832,116383,0
104831,116379,0
104820,116405,0
104835,116368,0
104815,116346,0
104819,116354,0
104791,116348,0
104823,116364,0
104845,116443,0
104843,116445,0
104844,116437,0
104856,116456,0
104864,116484,0
104864,116480,0
104867,116521,0
104870,116495,0
104891,116554,0
104901,116571,0
104871,116597,0
104891,116570,0
104709,116092,0
104700,116058,0
104677,116018,0
104673,116007,0
104632,115913,0
104623,115897,0
104622,115887,0
104629,115913,0
104655,115950,0
104639,115944,0
104635,115938,0
104628,115937,0
104673,116030,0
104678,116044,0
104690,116021,0
104680,116061,0
104718,116150,0
104722,116163,0
104756,116138,0
104730,116167,0
104756,116261,0
104762,116271,0
104754,116257,0
104751,116274,0
104582,115829,0
104573,115808,0
104566,115776,0
104557,115768,0
104531,115706,0
104538,115707,0
104546,115686,0
104546,115730,0
104551,115742,0
104546,115757,0
104580,115726,0
104554,115755,0
104588,115838,0
104592,115844,0
104576,115849,0
104584,115859,0
104622,115943,0
104636,115949,0
104627,115961,0
104640,115967,0
104664,116045,0
104669,116070,0
104684,116084,0
104682,116088,0
104707,116158,0
104714,116184,0
104693,116217,0
104719,116209,0
104587,115841,0
104561,115768,0
104513,115682,0
104514,115651,0
104420,115390,0
104407,115357,0
104392,115328,0
104394,115320,0
104397,115333,0
104393,115335,0
104395,115368,0
104390,115336,0
104419,115391,0
104417,115407,0
104399,115434,0
104428,115425,0
104457,115512,0
104468,115530,0
104448,115527,0
104480,115556,0
104500,115611,0
104505,115627,0
104500,115632,0
104516,115661,0
104565,115752,0
104560,115753,0
104570,115765,0
104564,115776,0
104633,115898,0
104624,115915,0
104638,115892,0
104630,115931,0
104524,115641,0
104498,115567,0
104498,115470,0
104444,115428,0
104339,115165,0
104336,115151,0
104327,115125,0
104329,115127,0
104351,115167,0
104348,115176,0
104358,115184,0
104362,115192,0
104392,115274,0
104395,115292,0
104411,115276,0
104408,115318,0
104449,115424,0
104459,115431,0
104489,115438,0
104463,115459,0
104501,115562,0
104510,115581,0
104514,115579,0
104515,115616,0
104565,115712,0
104575,115718,0
104577,115728,0
104591,115752,0
104618,115837,0
104607,115802,0
104594,115761,0
104564,115686,0
104432,115312,0
104422,115308,0
104405,115326,0
104421,115283,0
104403,115259,0
104425,115281,0
104398,115301,0
104440,115302,0
104451,115347,0
104457,115370,0
104462,115388,0
104470,115402,0
104532,115528,0
104528,115543,0
104535,115571,0
104541,115583,0
104620,115735,0
104619,115750,0
104598,115788,0
104636,115793,0
104694,115956,0
104705,115975,0
104697,115983,0
104722,116005,0
104767,116115,0
104774,116126,0
104772,116124,0
104781,116147,0
104827,116255,0
104835,116257,0
104826,116248,0
104823,116229,0
104634,115746,0
104629,115731,0
104625,115695,0
104617,115702,0
104592,115615,0
104593,115632,0
104594,115602,0
104624,115646,0
104611,115689,0
104620,115706,0
104624,115704,0
104642,115719,0
104670,115814,0
104684,115827,0
104686,115833,0
104687,115854,0
104745,115961,0
104747,115969,0
104755,115953,0
104757,115992,0
104803,116099,0
104823,116153,0
104821,116137,0
104837,116172,0
104829,116178,0
104868,116291,0
104881,116306,0
104876,116313,0
104913,116360,0
104905,116361,0
104891,116325,0
104725,115911,0
104722,115873,0
104715,115874,0
104711,115860,0
104680,115781,0
104677,115792,0
104684,115799,0
104686,115819,0
104702,115862,0
104702,115861,0
104707,115892,0
104708,115890,0
104760,115983,0
104765,115995,0
104742,116038,0
104775,116029,0
104834,116139,0
104825,116148,0
104813,116146,0
104839,116160,0
104868,116251,0
104872,116272,0
104874,116276,0
104882,116290,0
104924,116376,0
104925,116388,0
104903,116429,0
104931,116422,0
104978,116527,0
104968,116512,0
104932,116508,0
104930,116433,0
104776,116031,0
104779,116030,0
104752,116012,0
104776,116019,0
104750,115962,0
104757,115974,0
104754,115955,0
104755,115995,0
104783,116037,0
104784,116036,0
104775,116038,0
104776,116044,0
104827,116141,0
104830,116149,0
104838,116138,0
104825,116170,0
104883,116263,0
104873,116275,0
104896,116258,0
104879,116297,0
104910,116370,0
104918,116382,0
104929,116387,0
104927,116407,0
104963,116503,0
104961,116511,0
104975,116516,0
104975,116520,0
105008,116612,0
105016,116614,0
105035,116588,0
105012,116626,0
104814,116144,0
104806,116118,0
104825,116078,0
104784,116074,0
104744,115989,0
104760,115995,0
104743,115976,0
104750,115982,0
104769,116026,0
104765,116028,0
104764,116026,0
104766,116033,0
104792,116099,0
104793,116113,0
104798,116123,0
104799,116129,0
104843,116234,0
104842,116240,0
104846,116274,0
104855,116256,0
104884,116323,0
104884,116350,0
104859,116360,0
104882,116357,0
104929,116469,0
104952,116489,0
104937,116498,0
104942,116517,0
104980,116610,0
104995,116616,0
104982,116630,0
104992,116637,0
104850,116286,0
104843,116241,0
104799,116235,0
104801,116162,0
104760,116051,0
104750,116039,0
104721,116032,0
104747,116023,0
104765,116067,0
104758,116057,0
104736,116049,0
104763,116059,0
104779,116128,0
104773,116140,0
104784,116134,0
104786,116159,0
104825,116242,0
104836,116254,0
104836,116252,0
104831,116273,0
104858,116340,0
104858,116354,0
104887,116332,0
104874,116369,0
104915,116467,0
104922,116478,0
104909,116482,0
104926,116497,0
104967,116596,0
104969,116619,0
104971,116608,0
104972,116647,0
104842,116304,0
104817,116247,0
104795,116174,0
104782,116157,0
104748,116072,0
104757,116069,0
104766,116032,0
104736,116056,0
104763,116144,0
104770,116142,0
104782,116124,0
104772,116154,0
104796,116231,0
104806,116250,0
104796,116255,0
104814,116273,0
104866,116399,0
104874,116406,0
104873,116423,0
104877,116428,0
104911,116512,0
104908,116523,0
104922,116567,0
104923,116557,0
104955,116636,0
104957,116645,0
104951,116684,0
104965,116666,0
105010,116788,0
105009,116799,0
104998,116803,0
105018,116814,0
104848,116423,0
104846,116394,0
104841,116389,0
104833,116372,0
104841,116406,0
104851,116405,0
104844,116439,0
104860,116426,0
104870,116450,0
104868,116444,0
104846,116458,0
104863,116436,0
104886,116504,0
104887,116509,0
104881,116512,0
104906,116542,0
104942,116611,0
104936,116604,0
104926,116597,0
104936,116586,0
104946,116634,0
104948,116640,0
104949,116621,0
104947,116640,0
104976,116697,0
104977,116712,0
104995,116682,0
104980,116728,0
105001,116785,0
104990,116746,0
104947,116689,0
104932,116623,0
104762,116201,0
104758,116194,0
104764,116196,0
104758,116192,0
104709,116066,0
104721,116074,0
104715,116060,0
104717,116083,0
104708,116079,0
104703,116074,0
104731,116054,0
104709,116091,0
104747,116162,0
104750,116180,0
104753,116159,0
104747,116186,0
104780,116255,0
104786,116268,0
104777,116267,0
104793,116273,0
104835,116382,0
104835,116400,0
104834,116417,0
104844,116422,0
104894,116553,0
104897,116575,0
104901,116594,0
104906,116568,0
104690,116066,0
104673,116025,0
104666,115983,0
104656,115990,0
104575,115786,0
104556,115767,0
104548,115758,0
104559,115765,0
104578,115813,0
104575,115804,0
104574,115802,0
104570,115806,0
104613,115888,0
104613,115896,0
104589,115925,0
104612,115900,0
104650,115989,0
104652,116001,0
104629,116015,0
104660,116023,0
104697,116107,0
104706,116117,0
104686,116125,0
104704,116147,0
104737,116209,0
104740,116223,0
104735,116229,0
104748,116252,0
104785,116333,0
104796,116352,0
104803,116346,0
104808,116362,0
104652,116004,0
104619,115932,0
104590,115841,0
104589,115815,0
104465,115570,0
104448,115546,0
104421,115499,0
104428,115505,0
104444,115544,0
104443,115540,0
104448,115527,0
104442,115520,0
104467,115587,0
104464,115607,0
104477,115606,0
104478,115629,0
104524,115754,0
104536,115771,0
104543,115743,0
104568,115786,0
104584,115890,0
104591,115909,0
104593,115895,0
104626,115929,0
104654,116048,0
104686,116134,0
104696,116122,0
104700,116151,0
104697,116143,0
104701,116175,0
104752,116287,0
104785,116366,0
104797,116354,0
104787,116354,0
104648,116031,0
104625,115959,0
104538,115751,0
104507,115662,0
104488,115619,0
104476,115601,0
104422,115508,0
104466,115559,0
104469,115549,0
104458,115573,0
104451,115567,0
104448,115560,0
104474,115617,0
104483,115631,0
104507,115669,0
104508,115687,0
104519,115734,0
104528,115749,0
104550,115795,0
104556,115788,0
104572,115836,0
104569,115841,0
104601,115903,0
104609,115913,0
104626,115964,0
104622,115973,0
104654,116026,0
104661,116028,0
104673,116083,0
104684,116090,0
104698,116139,0
104709,116164,0
104726,116197,0
104724,116189,0
104590,115871,0
104557,115807,0
104484,115624,0
104473,115615,0
104452,115539,0
104438,115513,0
104418,115467,0
104416,115474,0
104436,115527,0
104445,115535,0
104446,115553,0
104453,115555,0
104482,115629,0
104483,115636,0
104505,115684,0
104510,115707,0
104535,115752,0
104535,115757,0
104543,115791,0
104554,115799,0
104569,115829,0
104574,115840,0
104604,115898,0
104605,115900,0
104629,115960,0
104638,115981,0
104664,116013,0
104664,116034,0
104698,116131,0
104707,116145,0
104743,116220,0
104752,116237,0
104772,116272,0
104773,116273,0
104685,116107,0
104670,116055,0
104618,115906,0
104615,115895,0
104598,115857,0
104593,115845,0
104586,115832,0
104587,115849,0
104624,115905,0
104636,115904,0
104622,115875,0
104623,115887,0
104649,115975,0
104649,115978,0
104679,116042,0
104687,116056,0
104715,116116,0
104716,116132,0
104750,116203,0
104755,116209,0
104774,116265,0
104781,116267,0
104805,116338,0
104803,116338,0
104840,116432,0
104841,116450,0
104871,116499,0
104883,116506,0
104889,116544,0
104896,116547,0
104809,116374,0
104786,116298,0
104700,116096,0
104700,116096,0
104674,116060,0
104674,116052,0
104664,116022,0
104672,116038,0
104702,116098,0
104702,116105,0
104673,116064,0
104674,116054,0
104707,116152,0
104713,116163,0
104738,116207,0
104746,116229,0
104764,116268,0
104765,116282,0
104792,116333,0
104793,116338,0
104804,116370,0
104812,116383,0
104829,116454,0
104839,116471,0
104871,116514,0
104859,116533,0
104889,116599,0
104896,116621,0
104919,116673,0
104922,116675,0
104798,116413,0
104769,116361,0
104704,116207,0
104712,116198,0
104669,116132,0
104665,116118,0
104668,116106,0
104666,116124,0
104672,116134,0
104674,116126,0
104670,116126,0
104663,116135,0
104689,116183,0
104696,116197,0
104698,116217,0
104706,116226,0
104710,116263,0
104724,116277,0
104737,116319,0
104745,116320,0
104747,116352,0
104751,116363,0
104759,116362,0
104755,116372,0
104772,116423,0
104776,116421,0
104790,116461,0
104794,116477,0
104805,116534,0
104820,116541,0
104850,116595,0
104849,116605,0
104861,116669,0
104852,116667,0
104714,116431,0
104669,116364,0
104692,116350,0
104732,116411,0
104817,116505,0
104802,116478,0
104779,116418,0
104774,116428,0
104749,116344,0
104746,116340,0
104688,116195,0
104682,116179,0
104653,116150,0
104651,116155,0
104658,116181,0
104656,116189,0
104641,116176,0
104642,116167,0
104641,116167,0
104645,116168,0
104610,116149,0
104605,116141,0
104627,116175,0
104624,116182,0
104634,116215,0
104624,116210,0
104639,116241,0
104638,116245,0
104606,116231,0
104606,116233,0
104588,116257,0
104590,116271,0
104642,116377,0
104643,116387,0
104559,116250,0
104546,116230,0
104406,115938,0
104362,115851,0
104170,115412,0
104152,115369,0
104035,115134,0
104005,115084,0
103955,114968,0
103954,114976,0
103981,115027,0
103973,115022,0
103950,114981,0
103951,114992,0
103988,115079,0
104005,115101,0
104017,115135,0
104034,115148,0
104051,115227,0
104064,115241,0
104100,115321,0
104098,115329,0
104115,115353,0
104119,115363,0
104138,115413,0
104138,115422,0
104166,115481,0
104171,115489,0
104204,115576,0
104218,115586,0
104246,115684,0
104262,115703,0
104313,115826,0
104322,115840,0
104357,115919,0
104365,115942,0
104412,116026,0
104411,116018,0
104314,115824,0
104273,115760,0
104176,115510,0
104159,115489,0
104159,115453,0
104147,115434,0
104092,115364,0
104103,115380,0
104157,115473,0
104155,115472,0
104151,115460,0
104153,115454,0
104165,115484,0
104172,115505,0
104207,115590,0
104216,115606,0
104234,115642,0
104232,115653,0
104255,115688,0
104253,115701,0
104276,115750,0
104286,115762,0
104302,115799,0
104300,115801,0
104321,115858,0
104329,115875,0
104347,115922,0
104353,115918,0
104382,115992,0
104387,116009,0
104406,116026,0
104399,116022,0
104270,115767,0
104237,115687,0
104211,115616,0
104124,115441,0
104122,115426,0
104102,115407,0
104114,115417,0
104120,115419,0
104128,115426,0
104102,115389,0
104106,115383,0
104088,115387,0
104103,115397,0
104149,115506,0
104164,115502,0
104156,115516,0
104163,115521,0
104190,115582,0
104189,115593,0
104177,115607,0
104207,115620,0
104217,115630,0
104223,115642,0
104246,115697,0
104246,115708,0
104251,115735,0
104262,115739,0
104289,115803,0
104307,115819,0
104277,115861,0
104309,115847,0
104335,115906,0
104337,115913,0
104324,115910,0
104353,115937,0
104389,116021,0
104398,116013,0
104367,115985,0
104364,115935,0
104054,115283,0
104044,115257,0
104028,115213,0
104012,115206,0
103908,114975,0
103899,114983,0
103890,115021,0
103930,115018,0
103913,115009,0
103916,114998,0
103898,114985,0
103923,115006,0
103977,115100,0
103974,115113,0
103961,115115,0
103971,115109,0
104002,115199,0
104019,115209,0
104012,115200,0
104010,115219,0
104066,115320,0
104060,115328,0
104092,115313,0
104083,115361,0
104123,115454,0
104131,115472,0
104154,115455,0
104139,115495,0
104192,115607,0
104195,115617,0
104191,115617,0
104192,115638,0
104244,115730,0
104253,115740,0
104251,115751,0
104265,115771,0
104028,115260,0
103996,115205,0
103982,115171,0
103969,115140,0
103869,114900,0
103861,114883,0
103876,114830,0
103844,114859,0
103867,114905,0
103870,114898,0
103852,114884,0
103852,114886,0
103862,114918,0
103865,114927,0
103854,114925,0
103868,114927,0
103889,114974,0
103889,114979,0
103887,114995,0
103894,114998,0
103948,115114,0
103946,115120,0
103942,115167,0
103971,115166,0
104022,115263,0
104031,115286,0
104014,115302,0
104053,115322,0
104080,115386,0
104087,115398,0
104075,115398,0
104102,115423,0
104150,115533,0
104150,115549,0
104165,115557,0
104169,115577,0
104205,115639,0
104197,115613,0
104138,115568,0
104132,115465,0
103890,114958,0
103889,114930,0
103846,114882,0
103851,114872,0
103801,114771,0
103795,114775,0
103797,114770,0
103797,114773,0
103814,114813,0
103814,114826,0
103833,114840,0
103831,114858,0
103909,115019,0
103912,115035,0
103925,115025,0
103924,115065,0
103958,115123,0
103963,115137,0
104003,115131,0
103977,115173,0
104037,115301,0
104048,115311,0
104050,115310,0
104051,115342,0
104099,115417,0
104106,115428,0
104095,115432,0
104118,115446,0
104166,115564,0
104167,115573,0
104187,115545,0
104186,115585,0
104212,115653,0
104203,115619,0
104199,115560,0
104136,115525,0
103915,115015,0
103903,114996,0
103881,114973,0
103885,114964,0
103803,114778,0
103804,114792,0
103810,114810,0
103819,114824,0
103818,114842,0
103826,114851,0
103829,114871,0
103829,114860,0
103881,114976,0
103882,114983,0
103865,115020,0
103893,115007,0
103919,115059,0
103921,115080,0
103898,115087,0
103923,115104,0
104001,115250,0
104016,115266,0
104011,115263,0
104020,115277,0
104076,115379,0
104068,115380,0
104070,115387,0
104077,115411,0
104131,115497,0
104127,115509,0
104124,115557,0
104144,115527,0
104137,115525,0
104149,115533,0
104134,115537,0
104160,115578,0
104167,115559,0
104123,115500,0
104087,115418,0
104062,115344,0
103864,114938,0
103856,114917,0
103842,114877,0
103833,114844,0
103803,114824,0
103815,114841,0
103834,114844,0
103835,114881,0
103797,114833,0
103816,114843,0
103846,114825,0
103830,114873,0
103888,115022,0
103907,115056,0
103927,115075,0
103934,115119,0
103961,115153,0
103966,115156,0
103960,115173,0
103965,115168,0
104050,115364,0
104056,115391,0
104081,115369,0
104078,115415,0
104121,115523,0
104126,115544,0
104161,115534,0
104140,115570,0
104182,115641,0
104176,115661,0
104180,115648,0
104197,115664,0
104109,115502,0
104084,115425,0
104043,115344,0
104012,115292,0
103905,115055,0
103895,115046,0
103892,115043,0
103884,115027,0
103836,114935,0
103785,114849,0
103672,114738,0
103585,114531,0
99689,90839,0
75129,63575,0
55678,45370,0
39057,31614,0
2710,2150,0
2341,1864,0
2013,1585,0
1757,1386,0
967,701,0
911,661,0
907,660,0
875,631,0
893,647,0
880,668,0
876,703,0
881,670,0
788,631,0
824,654,0
756,635,0
790,631,0
751,629,0
725,558,0
743,580,0
694,537,0
699,445,0
673,447,0
677,417,0
669,474,0
637,429,0
674,448,0
654,420,0
649,426,0
676,428,0
624,416,0
666,385,0
681,429,0
621,405,0
675,430,0
637,375,0
701,423,0
668,407,0
655,404,0
684,411,0
640,427,0
667,382,0
651,432,0
633,412,0
640,395,0
665,454,0
635,389,0
643,426,0
625,416,0
607,392,0
629,424,0
633,411,0
640,415,0
618,422,0
638,389,0
645,406,0
622,393,0
658,403,0
616,385,0
637,394,0
653,413,0
650,391,0
678,400,0
656,417,0
624,388,0
647,420,0
636,402,0
639,395,0
630,426,0
625,418,0
642,414,0
627,410,0
613,417,0
607,434,0
629,401,0
631,411,0
590,394,0
622,401,0
617,391,0
620,362,0
645,416,0
630,397,0
629,378,0
639,390,0
637,387,0
653,410,0
622,398,0
623,391,0
620,407,0
613,392,0
646,410,0
611,405,0
629,418,0
631,445,0
604,379,0
630,402,0
599,415,0
630,388,0
627,411,0
606,370,0
617,413,0
598,401,0
630,377,0
632,401,0
626,390,0
651,399,0
607,376,0
624,366,0
645,406,0
618,377,0
641,418,0
609,410,0
630,380,0
634,416,0
603,405,0
622,423,0
611,407,0
612,381,0
612,403,0
590,393,0
624,411,0
610,397,0
616,397,0
623,407,0
595,365,0
622,386,0
614,389,0
632,382,0
618,402,0
611,381,0
621,395,0
607,402,0
641,394,0
636,408,0
612,396,0
625,418,0
613,395,0
610,387,0
600,428,0
599,392,0
633,411,0
606,392,0
608,390,0
604,412,0
608,379,0
635,392,0
595,392,0
625,383,0
620,386,0
601,359,0
650,404,0
627,407,0
634,388,0
635,427,0
606,371,0
635,398,0
607,400,0
608,388,0
630,417,0
600,394,0
623,399,0
595,415,0
609,387,0
627,413,0
600,386,0
625,398,0
593,408,0
590,377,0
625,410,0
613,391,0
620,397,0
631,400,0
614,370,0
628,393,0
624,391,0
644,393,0
620,407,0
610,404,0
643,409,0
609,399,0
615,407,0
613,428,0
613,395,0
618,402,0
588,390,0
590,399,0
611,406,0
614,390,0
601,406,0
601,398,0
627,380,0
603,376,0
621,392,0
634,409,0
622,384,0
635,407,0
609,383,0
617,371,0
636,409,0
614,387,0
631,415,0
604,409,0
628,392,0
618,415,0
593,403,0
624,429,0
598,405,0
615,384,0
602,425,0
570,387,0
634,397,0
606,404,0
617,387,0
634,418,0
593,355,0
629,381,0
624,405,0
624,376,0
630,414,0
589,392,0
650,401,0
623,420,0
607,390,0
635,431,0
596,382,0
626,399,0
588,408,0
586,376,0
636,424,0
597,401,0
618,395,0
623,423,0
601,362,0
633,391,0
596,384,0
629,378,0
624,418,0
612,391,0
643,390,0
607,394,0
638,389,0
643,429,0
602,388,0
634,413,0
613,409,0
606,385,0
618,434,0
592,402,0
632,401,0
609,410,0
584,399,0
597,407,0
606,381,0
630,391,0
603,402,0
626,396,0
620,379,0
604,367,0
650,395,0
631,400,0
618,382,0
619,412,0
627,387,0
643,397,0
610,408,0
604,407,0
618,409,0
611,397,0
595,401,0
595,398,0
625,408,0
616,407,0
601,390,0
601,416,0
598,378,0
618,366,0
617,403,0
615,380,0
626,405,0
605,393,0
624,375,0
619,391,0
6,,
