timestamp,window,sample,ir_raw,red_raw,true_hr,true_spo2
2025-12-06T12:56:38.152251,0,0,101830.0,97177.0,60.0,98.0
2025-12-06T12:56:38.152251,0,1,101830.0,97177.0,60.0,98.0
2025-12-06T12:56:38.152251,0,2,101940.0,97186.0,60.0,98.0
2025-12-06T12:56:38.155622,0,3,101940.0,97186.0,60.0,98.0
2025-12-06T12:56:38.155622,0,4,101940.0,97186.0,60.0,98.0
2025-12-06T12:56:38.155622,0,5,101940.0,97186.0,60.0,98.0
2025-12-06T12:56:38.155622,0,6,102285.0,97323.0,60.0,98.0
2025-12-06T12:56:38.155622,0,7,102285.0,97323.0,60.0,98.0
2025-12-06T12:56:38.155622,0,8,102285.0,97323.0,60.0,98.0
2025-12-06T12:56:38.155622,0,9,102285.0,97323.0,60.0,98.0
2025-12-06T12:56:38.155622,0,10,102769.0,97513.0,60.0,98.0
2025-12-06T12:56:38.155622,0,11,102769.0,97513.0,60.0,98.0
2025-12-06T12:56:38.155622,0,12,102769.0,97513.0,60.0,98.0
2025-12-06T12:56:38.155622,0,13,102769.0,97513.0,60.0,98.0
2025-12-06T12:56:38.155622,0,14,103173.0,97694.0,60.0,98.0
2025-12-06T12:56:38.155622,0,15,103173.0,97694.0,60.0,98.0
2025-12-06T12:56:38.155622,0,16,103173.0,97694.0,60.0,98.0
2025-12-06T12:56:38.155622,0,17,103173.0,97694.0,60.0,98.0
2025-12-06T12:56:38.155622,0,18,101336.0,96957.0,60.0,98.0
2025-12-06T12:56:38.167477,0,19,101336.0,96957.0,60.0,98.0
2025-12-06T12:56:38.167477,0,20,101336.0,96957.0,60.0,98.0
2025-12-06T12:56:38.168742,0,21,101336.0,96957.0,60.0,98.0
2025-12-06T12:56:38.168742,0,22,101564.0,97015.0,60.0,98.0
2025-12-06T12:56:38.170304,0,23,101564.0,97015.0,60.0,98.0
2025-12-06T12:56:38.170336,0,24,101564.0,97015.0,60.0,98.0
2025-12-06T12:56:38.170336,0,25,101564.0,97015.0,60.0,98.0
2025-12-06T12:56:38.170336,0,26,101937.0,97168.0,60.0,98.0
2025-12-06T12:56:38.170336,0,27,101937.0,97168.0,60.0,98.0
2025-12-06T12:56:38.172764,0,28,101937.0,97168.0,60.0,98.0
2025-12-06T12:56:38.173489,0,29,101937.0,97168.0,60.0,98.0
2025-12-06T12:56:38.174083,0,30,102492.0,97383.0,60.0,98.0
2025-12-06T12:56:38.175171,0,31,102492.0,97383.0,60.0,98.0
2025-12-06T12:56:38.176180,0,32,102492.0,97383.0,60.0,98.0
2025-12-06T12:56:38.176180,0,33,102492.0,97383.0,60.0,98.0
2025-12-06T12:56:38.178149,0,34,103018.0,97612.0,60.0,98.0
2025-12-06T12:56:38.178149,0,35,103018.0,97612.0,60.0,98.0
2025-12-06T12:56:38.178149,0,36,103018.0,97612.0,60.0,98.0
2025-12-06T12:56:38.178149,0,37,103018.0,97612.0,60.0,98.0
2025-12-06T12:56:38.178149,0,38,103030.0,97596.0,60.0,98.0
2025-12-06T12:56:38.178149,0,39,103030.0,97596.0,60.0,98.0
2025-12-06T12:56:38.178149,0,40,103030.0,97596.0,60.0,98.0
2025-12-06T12:56:38.178149,0,41,103030.0,97596.0,60.0,98.0
2025-12-06T12:56:38.178149,0,42,101384.0,96952.0,60.0,98.0
2025-12-06T12:56:38.178149,0,43,101384.0,96952.0,60.0,98.0
2025-12-06T12:56:38.178149,0,44,101384.0,96952.0,60.0,98.0
2025-12-06T12:56:38.178149,0,45,101384.0,96952.0,60.0,98.0
2025-12-06T12:56:38.178149,0,46,101680.0,97047.0,60.0,98.0
2025-12-06T12:56:38.186092,0,47,101680.0,97047.0,60.0,98.0
2025-12-06T12:56:38.186985,0,48,101680.0,97047.0,60.0,98.0
2025-12-06T12:56:38.186985,0,49,101680.0,97047.0,60.0,98.0
2025-12-06T12:56:38.186985,0,50,102265.0,97265.0,60.0,98.0
2025-12-06T12:56:38.186985,0,51,102265.0,97265.0,60.0,98.0
2025-12-06T12:56:38.186985,0,52,102265.0,97265.0,60.0,98.0
2025-12-06T12:56:38.186985,0,53,102265.0,97265.0,60.0,98.0
2025-12-06T12:56:38.186985,0,54,102834.0,97494.0,60.0,98.0
2025-12-06T12:56:38.186985,0,55,102834.0,97494.0,60.0,98.0
2025-12-06T12:56:38.186985,0,56,102834.0,97494.0,60.0,98.0
2025-12-06T12:56:38.186985,0,57,102834.0,97494.0,60.0,98.0
2025-12-06T12:56:38.186985,0,58,103397.0,97671.0,60.0,98.0
2025-12-06T12:56:38.186985,0,59,103397.0,97671.0,60.0,98.0
2025-12-06T12:56:38.186985,0,60,103397.0,97671.0,60.0,98.0
2025-12-06T12:56:38.186985,0,61,103397.0,97671.0,60.0,98.0
2025-12-06T12:56:38.186985,0,62,102966.0,97513.0,60.0,98.0
2025-12-06T12:56:38.186985,0,63,102966.0,97513.0,60.0,98.0
2025-12-06T12:56:38.186985,0,64,102966.0,97513.0,60.0,98.0
2025-12-06T12:56:38.186985,0,65,102966.0,97513.0,60.0,98.0
2025-12-06T12:56:38.195087,0,66,102096.0,97074.0,60.0,98.0
2025-12-06T12:56:38.195087,0,67,102096.0,97074.0,60.0,98.0
2025-12-06T12:56:38.195087,0,68,102096.0,97074.0,60.0,98.0
2025-12-06T12:56:38.195087,0,69,102096.0,97074.0,60.0,98.0
2025-12-06T12:56:38.195087,0,70,102594.0,97260.0,60.0,98.0
2025-12-06T12:56:38.195087,0,71,102594.0,97260.0,60.0,98.0
2025-12-06T12:56:38.195087,0,72,102594.0,97260.0,60.0,98.0
2025-12-06T12:56:38.195087,0,73,102594.0,97260.0,60.0,98.0
2025-12-06T12:56:38.195087,0,74,103026.0,97476.0,60.0,98.0
2025-12-06T12:56:38.195087,0,75,103026.0,97476.0,60.0,98.0
2025-12-06T12:56:38.195087,0,76,103026.0,97476.0,60.0,98.0
2025-12-06T12:56:38.195087,0,77,103026.0,97476.0,60.0,98.0
2025-12-06T12:56:38.195087,0,78,103423.0,97685.0,60.0,98.0
2025-12-06T12:56:38.201462,0,79,103423.0,97685.0,60.0,98.0
2025-12-06T12:56:38.202557,0,80,103423.0,97685.0,60.0,98.0
2025-12-06T12:56:38.202724,0,81,103423.0,97685.0,60.0,98.0
2025-12-06T12:56:38.202724,0,82,102687.0,97412.0,60.0,98.0
2025-12-06T12:56:38.202724,0,83,102687.0,97412.0,60.0,98.0
2025-12-06T12:56:38.202724,0,84,102687.0,97412.0,60.0,98.0
2025-12-06T12:56:38.202724,0,85,102687.0,97412.0,60.0,98.0
2025-12-06T12:56:38.202724,0,86,102488.0,97312.0,60.0,98.0
2025-12-06T12:56:38.206785,0,87,102488.0,97312.0,60.0,98.0
2025-12-06T12:56:38.207263,0,88,102488.0,97312.0,60.0,98.0
2025-12-06T12:56:38.208645,0,89,102488.0,97312.0,60.0,98.0
2025-12-06T12:56:38.209086,0,90,103004.0,97485.0,60.0,98.0
2025-12-06T12:56:38.209872,0,91,103004.0,97485.0,60.0,98.0
2025-12-06T12:56:38.209872,0,92,103004.0,97485.0,60.0,98.0
2025-12-06T12:56:38.211866,0,93,103004.0,97485.0,60.0,98.0
2025-12-06T12:56:38.211866,0,94,103543.0,97700.0,60.0,98.0
2025-12-06T12:56:38.211866,0,95,103543.0,97700.0,60.0,98.0
2025-12-06T12:56:38.211866,0,96,103543.0,97700.0,60.0,98.0
2025-12-06T12:56:38.211866,0,97,103543.0,97700.0,60.0,98.0
2025-12-06T12:56:38.211866,0,98,104034.0,97871.0,60.0,98.0
2025-12-06T12:56:38.211866,0,99,104034.0,97871.0,60.0,98.0
2025-12-06T12:56:38.211866,0,100,104034.0,97871.0,60.0,98.0
2025-12-06T12:56:38.211866,0,101,104034.0,97871.0,60.0,98.0
2025-12-06T12:56:38.211866,0,102,102666.0,97327.0,60.0,98.0
2025-12-06T12:56:38.216995,0,103,102666.0,97327.0,60.0,98.0
2025-12-06T12:56:38.216995,0,104,102666.0,97327.0,60.0,98.0
2025-12-06T12:56:38.216995,0,105,102666.0,97327.0,60.0,98.0
2025-12-06T12:56:38.219061,0,106,102840.0,97380.0,60.0,98.0
2025-12-06T12:56:38.219061,0,107,102840.0,97380.0,60.0,98.0
2025-12-06T12:56:38.219061,0,108,102840.0,97380.0,60.0,98.0
2025-12-06T12:56:38.219061,0,109,102840.0,97380.0,60.0,98.0
2025-12-06T12:56:38.219061,0,110,103010.0,97432.0,60.0,98.0
2025-12-06T12:56:38.219061,0,111,103010.0,97432.0,60.0,98.0
2025-12-06T12:56:38.219061,0,112,103010.0,97432.0,60.0,98.0
2025-12-06T12:56:38.219061,0,113,103010.0,97432.0,60.0,98.0
2025-12-06T12:56:38.219061,0,114,103395.0,97581.0,60.0,98.0
2025-12-06T12:56:38.219061,0,115,103395.0,97581.0,60.0,98.0
2025-12-06T12:56:38.219061,0,116,103395.0,97581.0,60.0,98.0
2025-12-06T12:56:38.219061,0,117,103395.0,97581.0,60.0,98.0
2025-12-06T12:56:38.219061,0,118,103652.0,97704.0,60.0,98.0
2025-12-06T12:56:38.219061,0,119,103652.0,97704.0,60.0,98.0
2025-12-06T12:56:38.219061,0,120,103652.0,97704.0,60.0,98.0
2025-12-06T12:56:38.219061,0,121,103652.0,97704.0,60.0,98.0
2025-12-06T12:56:38.219061,0,122,102104.0,97077.0,60.0,98.0
2025-12-06T12:56:38.219061,0,123,102104.0,97077.0,60.0,98.0
2025-12-06T12:56:38.219061,0,124,102104.0,97077.0,60.0,98.0
2025-12-06T12:56:38.219061,0,125,102104.0,97077.0,60.0,98.0
2025-12-06T12:56:38.219061,0,126,102558.0,97229.0,60.0,98.0
2025-12-06T12:56:38.219061,0,127,102558.0,97229.0,60.0,98.0
2025-12-06T12:56:38.219061,0,128,102558.0,97229.0,60.0,98.0
2025-12-06T12:56:38.219061,0,129,102558.0,97229.0,60.0,98.0
2025-12-06T12:56:38.219061,0,130,102946.0,97366.0,60.0,98.0
2025-12-06T12:56:38.219061,0,131,102946.0,97366.0,60.0,98.0
2025-12-06T12:56:38.219061,0,132,102946.0,97366.0,60.0,98.0
2025-12-06T12:56:38.219061,0,133,102946.0,97366.0,60.0,98.0
2025-12-06T12:56:38.219061,0,134,103467.0,97571.0,60.0,98.0
2025-12-06T12:56:38.219061,0,135,103467.0,97571.0,60.0,98.0
2025-12-06T12:56:38.219061,0,136,103467.0,97571.0,60.0,98.0
2025-12-06T12:56:38.219061,0,137,103467.0,97571.0,60.0,98.0
2025-12-06T12:56:38.219061,0,138,103839.0,97712.0,60.0,98.0
2025-12-06T12:56:38.219061,0,139,103839.0,97712.0,60.0,98.0
2025-12-06T12:56:38.234699,0,140,103839.0,97712.0,60.0,98.0
2025-12-06T12:56:38.234699,0,141,103839.0,97712.0,60.0,98.0
2025-12-06T12:56:38.234699,0,142,104259.0,97878.0,60.0,98.0
2025-12-06T12:56:38.234699,0,143,104259.0,97878.0,60.0,98.0
2025-12-06T12:56:38.234699,0,144,104259.0,97878.0,60.0,98.0
2025-12-06T12:56:38.234699,0,145,104259.0,97878.0,60.0,98.0
2025-12-06T12:56:38.234699,0,146,103273.0,97477.0,60.0,98.0
2025-12-06T12:56:38.234699,0,147,103273.0,97477.0,60.0,98.0
2025-12-06T12:56:38.234699,0,148,103273.0,97477.0,60.0,98.0
2025-12-06T12:56:38.234699,0,149,103273.0,97477.0,60.0,98.0
2025-12-06T12:56:38.234699,0,150,102514.0,97139.0,60.0,98.0
2025-12-06T12:56:38.234699,0,151,102514.0,97139.0,60.0,98.0
2025-12-06T12:56:38.234699,0,152,102514.0,97139.0,60.0,98.0
2025-12-06T12:56:38.234699,0,153,102514.0,97139.0,60.0,98.0
2025-12-06T12:56:38.234699,0,154,102821.0,97248.0,60.0,98.0
2025-12-06T12:56:38.234699,0,155,102821.0,97248.0,60.0,98.0
2025-12-06T12:56:38.234699,0,156,102821.0,97248.0,60.0,98.0
2025-12-06T12:56:38.243208,0,157,102821.0,97248.0,60.0,98.0
2025-12-06T12:56:38.243208,0,158,103247.0,97400.0,60.0,98.0
2025-12-06T12:56:38.243208,0,159,103247.0,97400.0,60.0,98.0
2025-12-06T12:56:38.243208,0,160,103247.0,97400.0,60.0,98.0
2025-12-06T12:56:38.243208,0,161,103247.0,97400.0,60.0,98.0
2025-12-06T12:56:38.243208,0,162,103681.0,97546.0,60.0,98.0
2025-12-06T12:56:38.243208,0,163,103681.0,97546.0,60.0,98.0
2025-12-06T12:56:38.243208,0,164,103681.0,97546.0,60.0,98.0
2025-12-06T12:56:38.243208,0,165,103681.0,97546.0,60.0,98.0
2025-12-06T12:56:38.243208,0,166,104200.0,97726.0,60.0,98.0
2025-12-06T12:56:38.243208,0,167,104200.0,97726.0,60.0,98.0
2025-12-06T12:56:38.243208,0,168,104200.0,97726.0,60.0,98.0
2025-12-06T12:56:38.243208,0,169,104200.0,97726.0,60.0,98.0
2025-12-06T12:56:38.243208,0,170,104650.0,97905.0,60.0,98.0
2025-12-06T12:56:38.243208,0,171,104650.0,97905.0,60.0,98.0
2025-12-06T12:56:38.243208,0,172,104650.0,97905.0,60.0,98.0
2025-12-06T12:56:38.243208,0,173,104650.0,97905.0,60.0,98.0
2025-12-06T12:56:38.273995,0,174,103925.0,97617.0,60.0,98.0
2025-12-06T12:56:38.307522,0,175,103925.0,97617.0,60.0,98.0
2025-12-06T12:56:38.354019,0,176,103925.0,97617.0,60.0,98.0
2025-12-06T12:56:38.385365,0,177,103925.0,97617.0,60.0,98.0
2025-12-06T12:56:38.432481,0,178,103352.0,97392.0,60.0,98.0
2025-12-06T12:56:38.470397,0,179,103352.0,97392.0,60.0,98.0
2025-12-06T12:56:38.502308,0,180,103352.0,97392.0,60.0,98.0
2025-12-06T12:56:38.550062,0,181,103352.0,97392.0,60.0,98.0
2025-12-06T12:56:38.581670,0,182,103378.0,97380.0,60.0,98.0
2025-12-06T12:56:38.630562,0,183,103378.0,97380.0,60.0,98.0
2025-12-06T12:56:38.667202,0,184,103378.0,97380.0,60.0,98.0
2025-12-06T12:56:38.705687,0,185,103378.0,97380.0,60.0,98.0
2025-12-06T12:56:38.741001,0,186,103769.0,97479.0,60.0,98.0
2025-12-06T12:56:38.784895,0,187,103769.0,97479.0,60.0,98.0
2025-12-06T12:56:38.817959,0,188,103769.0,97479.0,60.0,98.0
2025-12-06T12:56:38.866437,0,189,103769.0,97479.0,60.0,98.0
2025-12-06T12:56:38.898818,0,190,104222.0,97651.0,60.0,98.0
2025-12-06T12:56:38.946338,0,191,104222.0,97651.0,60.0,98.0
2025-12-06T12:56:38.977638,0,192,104222.0,97651.0,60.0,98.0
2025-12-06T12:56:39.024939,0,193,104222.0,97651.0,60.0,98.0
2025-12-06T12:56:39.056749,0,194,104798.0,97836.0,60.0,98.0
2025-12-06T12:56:39.104159,0,195,104798.0,97836.0,60.0,98.0
2025-12-06T12:56:39.150636,0,196,104798.0,97836.0,60.0,98.0
2025-12-06T12:56:39.184395,0,197,104798.0,97836.0,60.0,98.0
2025-12-06T12:56:39.217458,0,198,105336.0,98041.0,60.0,98.0
2025-12-06T12:56:39.265423,0,199,105336.0,98041.0,60.0,98.0
2025-12-06T12:56:39.300115,0,200,105336.0,98041.0,60.0,98.0
2025-12-06T12:56:39.347261,0,201,105336.0,98041.0,60.0,98.0
2025-12-06T12:56:39.378539,0,202,104653.0,97753.0,60.0,98.0
2025-12-06T12:56:39.426638,0,203,104653.0,97753.0,60.0,98.0
2025-12-06T12:56:39.453177,0,204,104653.0,97753.0,60.0,98.0
2025-12-06T12:56:39.501986,0,205,104653.0,97753.0,60.0,98.0
2025-12-06T12:56:39.549131,0,206,104708.0,97760.0,60.0,98.0
2025-12-06T12:56:39.575601,0,207,104708.0,97760.0,60.0,98.0
2025-12-06T12:56:39.616187,0,208,104708.0,97760.0,60.0,98.0
2025-12-06T12:56:39.663291,0,209,104708.0,97760.0,60.0,98.0
2025-12-06T12:56:39.701132,0,210,104813.0,97792.0,60.0,98.0
2025-12-06T12:56:39.735585,0,211,104813.0,97792.0,60.0,98.0
2025-12-06T12:56:39.784557,0,212,104813.0,97792.0,60.0,98.0
2025-12-06T12:56:39.827257,0,213,104813.0,97792.0,60.0,98.0
2025-12-06T12:56:39.858547,0,214,105169.0,97913.0,60.0,98.0
2025-12-06T12:56:39.905404,0,215,105169.0,97913.0,60.0,98.0
2025-12-06T12:56:39.935571,0,216,105169.0,97913.0,60.0,98.0
2025-12-06T12:56:39.983030,0,217,105169.0,97913.0,60.0,98.0
2025-12-06T12:56:40.015210,0,218,105595.0,98060.0,60.0,98.0
2025-12-06T12:56:40.062096,0,219,105595.0,98060.0,60.0,98.0
2025-12-06T12:56:40.093345,0,220,105595.0,98060.0,60.0,98.0
2025-12-06T12:56:40.140215,0,221,105595.0,98060.0,60.0,98.0
2025-12-06T12:56:40.186721,0,222,106093.0,98246.0,60.0,98.0
2025-12-06T12:56:45.705760,1,0,106093.0,98246.0,57.0,99.0
2025-12-06T12:56:45.705760,1,1,106093.0,98246.0,57.0,99.0
2025-12-06T12:56:45.705760,1,2,106093.0,98246.0,57.0,99.0
2025-12-06T12:56:45.709332,1,3,106049.0,98210.0,57.0,99.0
2025-12-06T12:56:45.709332,1,4,106049.0,98210.0,57.0,99.0
2025-12-06T12:56:45.709332,1,5,106049.0,98210.0,57.0,99.0
2025-12-06T12:56:45.709332,1,6,106049.0,98210.0,57.0,99.0
2025-12-06T12:56:45.709332,1,7,105829.0,98082.0,57.0,99.0
2025-12-06T12:56:45.715837,1,8,105829.0,98082.0,57.0,99.0
2025-12-06T12:56:45.717190,1,9,105829.0,98082.0,57.0,99.0
2025-12-06T12:56:45.717190,1,10,105829.0,98082.0,57.0,99.0
2025-12-06T12:56:45.718950,1,11,105903.0,98119.0,57.0,99.0
2025-12-06T12:56:45.720129,1,12,105903.0,98119.0,57.0,99.0
2025-12-06T12:56:45.720129,1,13,105903.0,98119.0,57.0,99.0
2025-12-06T12:56:45.720129,1,14,105903.0,98119.0,57.0,99.0
2025-12-06T12:56:45.720129,1,15,106151.0,98208.0,57.0,99.0
2025-12-06T12:56:45.720129,1,16,106151.0,98208.0,57.0,99.0
2025-12-06T12:56:45.722819,1,17,106151.0,98208.0,57.0,99.0
2025-12-06T12:56:45.724385,1,18,106151.0,98208.0,57.0,99.0
2025-12-06T12:56:45.724803,1,19,106390.0,98292.0,57.0,99.0
2025-12-06T12:56:45.726424,1,20,106390.0,98292.0,57.0,99.0
2025-12-06T12:56:45.726424,1,21,106390.0,98292.0,57.0,99.0
2025-12-06T12:56:45.728587,1,22,106390.0,98292.0,57.0,99.0
2025-12-06T12:56:45.728587,1,23,106616.0,98371.0,57.0,99.0
2025-12-06T12:56:45.728587,1,24,106616.0,98371.0,57.0,99.0
2025-12-06T12:56:45.728587,1,25,106616.0,98371.0,57.0,99.0
2025-12-06T12:56:45.728587,1,26,106616.0,98371.0,57.0,99.0
2025-12-06T12:56:45.728587,1,27,106898.0,98466.0,57.0,99.0
2025-12-06T12:56:45.728587,1,28,106898.0,98466.0,57.0,99.0
2025-12-06T12:56:45.728587,1,29,106898.0,98466.0,57.0,99.0
2025-12-06T12:56:45.733709,1,30,106898.0,98466.0,57.0,99.0
2025-12-06T12:56:45.734523,1,31,106625.0,98350.0,57.0,99.0
2025-12-06T12:56:45.734523,1,32,106625.0,98350.0,57.0,99.0
2025-12-06T12:56:45.736232,1,33,106625.0,98350.0,57.0,99.0
2025-12-06T12:56:45.736232,1,34,106625.0,98350.0,57.0,99.0
2025-12-06T12:56:45.736232,1,35,106671.0,98353.0,57.0,99.0
2025-12-06T12:56:45.736232,1,36,106671.0,98353.0,57.0,99.0
2025-12-06T12:56:45.736232,1,37,106671.0,98353.0,57.0,99.0
2025-12-06T12:56:45.736232,1,38,106671.0,98353.0,57.0,99.0
2025-12-06T12:56:45.736232,1,39,106690.0,98327.0,57.0,99.0
2025-12-06T12:56:45.736232,1,40,106690.0,98327.0,57.0,99.0
2025-12-06T12:56:45.736232,1,41,106690.0,98327.0,57.0,99.0
2025-12-06T12:56:45.736232,1,42,106690.0,98327.0,57.0,99.0
2025-12-06T12:56:45.736232,1,43,106868.0,98412.0,57.0,99.0
2025-12-06T12:56:45.736232,1,44,106868.0,98412.0,57.0,99.0
2025-12-06T12:56:45.736232,1,45,106868.0,98412.0,57.0,99.0
2025-12-06T12:56:45.736232,1,46,106868.0,98412.0,57.0,99.0
2025-12-06T12:56:45.736232,1,47,107096.0,98497.0,57.0,99.0
2025-12-06T12:56:45.744360,1,48,107096.0,98497.0,57.0,99.0
2025-12-06T12:56:45.744360,1,49,107096.0,98497.0,57.0,99.0
2025-12-06T12:56:45.744360,1,50,107096.0,98497.0,57.0,99.0
2025-12-06T12:56:45.744360,1,51,107332.0,98577.0,57.0,99.0
2025-12-06T12:56:45.744360,1,52,107332.0,98577.0,57.0,99.0
2025-12-06T12:56:45.744360,1,53,107332.0,98577.0,57.0,99.0
2025-12-06T12:56:45.744360,1,54,107332.0,98577.0,57.0,99.0
2025-12-06T12:56:45.744360,1,55,107460.0,98616.0,57.0,99.0
2025-12-06T12:56:45.744360,1,56,107460.0,98616.0,57.0,99.0
2025-12-06T12:56:45.744360,1,57,107460.0,98616.0,57.0,99.0
2025-12-06T12:56:45.749659,1,58,107460.0,98616.0,57.0,99.0
2025-12-06T12:56:45.749659,1,59,107251.0,98510.0,57.0,99.0
2025-12-06T12:56:45.749659,1,60,107251.0,98510.0,57.0,99.0
2025-12-06T12:56:45.749659,1,61,107251.0,98510.0,57.0,99.0
2025-12-06T12:56:45.749659,1,62,107251.0,98510.0,57.0,99.0
2025-12-06T12:56:45.749659,1,63,107296.0,98513.0,57.0,99.0
2025-12-06T12:56:45.753124,1,64,107296.0,98513.0,57.0,99.0
2025-12-06T12:56:45.753124,1,65,107296.0,98513.0,57.0,99.0
2025-12-06T12:56:45.753124,1,66,107296.0,98513.0,57.0,99.0
2025-12-06T12:56:45.753124,1,67,107438.0,98547.0,57.0,99.0
2025-12-06T12:56:45.753124,1,68,107438.0,98547.0,57.0,99.0
2025-12-06T12:56:45.753124,1,69,107438.0,98547.0,57.0,99.0
2025-12-06T12:56:45.753124,1,70,107438.0,98547.0,57.0,99.0
2025-12-06T12:56:45.753124,1,71,107600.0,98616.0,57.0,99.0
2025-12-06T12:56:45.753124,1,72,107600.0,98616.0,57.0,99.0
2025-12-06T12:56:45.753124,1,73,107600.0,98616.0,57.0,99.0
2025-12-06T12:56:45.753124,1,74,107600.0,98616.0,57.0,99.0
2025-12-06T12:56:45.753124,1,75,107781.0,98662.0,57.0,99.0
2025-12-06T12:56:45.753124,1,76,107781.0,98662.0,57.0,99.0
2025-12-06T12:56:45.753124,1,77,107781.0,98662.0,57.0,99.0
2025-12-06T12:56:45.753124,1,78,107781.0,98662.0,57.0,99.0
2025-12-06T12:56:45.753124,1,79,107962.0,98731.0,57.0,99.0
2025-12-06T12:56:45.753124,1,80,107962.0,98731.0,57.0,99.0
2025-12-06T12:56:45.753124,1,81,107962.0,98731.0,57.0,99.0
2025-12-06T12:56:45.753124,1,82,107962.0,98731.0,57.0,99.0
2025-12-06T12:56:45.753124,1,83,107696.0,98633.0,57.0,99.0
2025-12-06T12:56:45.753124,1,84,107696.0,98633.0,57.0,99.0
2025-12-06T12:56:45.753124,1,85,107696.0,98633.0,57.0,99.0
2025-12-06T12:56:45.753124,1,86,107696.0,98633.0,57.0,99.0
2025-12-06T12:56:45.753124,1,87,107756.0,98633.0,57.0,99.0
2025-12-06T12:56:45.753124,1,88,107756.0,98633.0,57.0,99.0
2025-12-06T12:56:45.753124,1,89,107756.0,98633.0,57.0,99.0
2025-12-06T12:56:45.753124,1,90,107756.0,98633.0,57.0,99.0
2025-12-06T12:56:45.753124,1,91,107706.0,98619.0,57.0,99.0
2025-12-06T12:56:45.753124,1,92,107706.0,98619.0,57.0,99.0
2025-12-06T12:56:45.766454,1,93,107706.0,98619.0,57.0,99.0
2025-12-06T12:56:45.767807,1,94,107706.0,98619.0,57.0,99.0
2025-12-06T12:56:45.767807,1,95,107816.0,98629.0,57.0,99.0
2025-12-06T12:56:45.767807,1,96,107816.0,98629.0,57.0,99.0
2025-12-06T12:56:45.767807,1,97,107816.0,98629.0,57.0,99.0
2025-12-06T12:56:45.767807,1,98,107816.0,98629.0,57.0,99.0
2025-12-06T12:56:45.767807,1,99,107903.0,98663.0,57.0,99.0
2025-12-06T12:56:45.767807,1,100,107903.0,98663.0,57.0,99.0
2025-12-06T12:56:45.767807,1,101,107903.0,98663.0,57.0,99.0
2025-12-06T12:56:45.767807,1,102,107903.0,98663.0,57.0,99.0
2025-12-06T12:56:45.767807,1,103,107999.0,98687.0,57.0,99.0
2025-12-06T12:56:45.767807,1,104,107999.0,98687.0,57.0,99.0
2025-12-06T12:56:45.767807,1,105,107999.0,98687.0,57.0,99.0
2025-12-06T12:56:45.767807,1,106,107999.0,98687.0,57.0,99.0
2025-12-06T12:56:45.767807,1,107,107957.0,98662.0,57.0,99.0
2025-12-06T12:56:45.767807,1,108,107957.0,98662.0,57.0,99.0
2025-12-06T12:56:45.767807,1,109,107957.0,98662.0,57.0,99.0
2025-12-06T12:56:45.767807,1,110,107957.0,98662.0,57.0,99.0
2025-12-06T12:56:45.767807,1,111,107733.0,98549.0,57.0,99.0
2025-12-06T12:56:45.767807,1,112,107733.0,98549.0,57.0,99.0
2025-12-06T12:56:45.767807,1,113,107733.0,98549.0,57.0,99.0
2025-12-06T12:56:45.767807,1,114,107733.0,98549.0,57.0,99.0
2025-12-06T12:56:45.767807,1,115,107727.0,98532.0,57.0,99.0
2025-12-06T12:56:45.767807,1,116,107727.0,98532.0,57.0,99.0
2025-12-06T12:56:45.767807,1,117,107727.0,98532.0,57.0,99.0
2025-12-06T12:56:45.767807,1,118,107727.0,98532.0,57.0,99.0
2025-12-06T12:56:45.767807,1,119,107837.0,98602.0,57.0,99.0
2025-12-06T12:56:45.767807,1,120,107837.0,98602.0,57.0,99.0
2025-12-06T12:56:45.767807,1,121,107837.0,98602.0,57.0,99.0
2025-12-06T12:56:45.767807,1,122,107837.0,98602.0,57.0,99.0
2025-12-06T12:56:45.767807,1,123,107937.0,98639.0,57.0,99.0
2025-12-06T12:56:45.767807,1,124,107937.0,98639.0,57.0,99.0
2025-12-06T12:56:45.767807,1,125,107937.0,98639.0,57.0,99.0
2025-12-06T12:56:45.767807,1,126,107937.0,98639.0,57.0,99.0
2025-12-06T12:56:45.782930,1,127,108020.0,98641.0,57.0,99.0
2025-12-06T12:56:45.782930,1,128,108020.0,98641.0,57.0,99.0
2025-12-06T12:56:45.782930,1,129,108020.0,98641.0,57.0,99.0
2025-12-06T12:56:45.782930,1,130,108020.0,98641.0,57.0,99.0
2025-12-06T12:56:45.782930,1,131,108080.0,98654.0,57.0,99.0
2025-12-06T12:56:45.782930,1,132,108080.0,98654.0,57.0,99.0
2025-12-06T12:56:45.782930,1,133,108080.0,98654.0,57.0,99.0
2025-12-06T12:56:45.782930,1,134,108080.0,98654.0,57.0,99.0
2025-12-06T12:56:45.782930,1,135,107757.0,98520.0,57.0,99.0
2025-12-06T12:56:45.782930,1,136,107757.0,98520.0,57.0,99.0
2025-12-06T12:56:45.782930,1,137,107757.0,98520.0,57.0,99.0
2025-12-06T12:56:45.790925,1,138,107757.0,98520.0,57.0,99.0
2025-12-06T12:56:45.790925,1,139,107834.0,98540.0,57.0,99.0
2025-12-06T12:56:45.799760,1,140,107834.0,98540.0,57.0,99.0
2025-12-06T12:56:45.833386,1,141,107834.0,98540.0,57.0,99.0
2025-12-06T12:56:45.882119,1,142,107834.0,98540.0,57.0,99.0
2025-12-06T12:56:45.914041,1,143,107841.0,98541.0,57.0,99.0
2025-12-06T12:56:45.950234,1,144,107841.0,98541.0,57.0,99.0
2025-12-06T12:56:45.999391,1,145,107841.0,98541.0,57.0,99.0
2025-12-06T12:56:46.031371,1,146,107841.0,98541.0,57.0,99.0
2025-12-06T12:56:46.078466,1,147,107928.0,98558.0,57.0,99.0
2025-12-06T12:56:46.111411,1,148,107928.0,98558.0,57.0,99.0
2025-12-06T12:56:46.158773,1,149,107928.0,98558.0,57.0,99.0
2025-12-06T12:56:46.190480,1,150,107928.0,98558.0,57.0,99.0
2025-12-06T12:56:46.237365,1,151,108024.0,98599.0,57.0,99.0
2025-12-06T12:56:46.284205,1,152,108024.0,98599.0,57.0,99.0
2025-12-06T12:56:46.315863,1,153,108024.0,98599.0,57.0,99.0
2025-12-06T12:56:46.348798,1,154,108024.0,98599.0,57.0,99.0
2025-12-06T12:56:46.396101,1,155,108102.0,98629.0,57.0,99.0
2025-12-06T12:56:46.442616,1,156,108102.0,98629.0,57.0,99.0
2025-12-06T12:56:46.476434,1,157,108102.0,98629.0,57.0,99.0
2025-12-06T12:56:46.515752,1,158,108102.0,98629.0,57.0,99.0
2025-12-06T12:56:46.549861,1,159,107724.0,98462.0,57.0,99.0
2025-12-06T12:56:46.597662,1,160,107724.0,98462.0,57.0,99.0
2025-12-06T12:56:46.629195,1,161,107724.0,98462.0,57.0,99.0
2025-12-06T12:56:46.676083,1,162,107724.0,98462.0,57.0,99.0
2025-12-06T12:56:46.707307,1,163,107763.0,98477.0,57.0,99.0
2025-12-06T12:56:46.754130,1,164,107763.0,98477.0,57.0,99.0
2025-12-06T12:56:46.787581,1,165,107763.0,98477.0,57.0,99.0
2025-12-06T12:56:46.834664,1,166,107763.0,98477.0,57.0,99.0
2025-12-06T12:56:46.869144,1,167,107664.0,98419.0,57.0,99.0
2025-12-06T12:56:46.916519,1,168,107664.0,98419.0,57.0,99.0
2025-12-06T12:56:46.960258,1,169,107664.0,98419.0,57.0,99.0
2025-12-06T12:56:46.988486,1,170,107664.0,98419.0,57.0,99.0
2025-12-06T12:56:47.038845,1,171,107706.0,98432.0,57.0,99.0
2025-12-06T12:56:47.066065,1,172,107706.0,98432.0,57.0,99.0
2025-12-06T12:56:47.114640,1,173,107706.0,98432.0,57.0,99.0
2025-12-06T12:56:47.156984,1,174,107706.0,98432.0,57.0,99.0
2025-12-06T12:56:47.189522,1,175,107729.0,98448.0,57.0,99.0
2025-12-06T12:56:47.236410,1,176,107729.0,98448.0,57.0,99.0
2025-12-06T12:56:47.267639,1,177,107729.0,98448.0,57.0,99.0
2025-12-06T12:56:47.314523,1,178,107729.0,98448.0,57.0,99.0
2025-12-06T12:56:47.345757,1,179,107854.0,98493.0,57.0,99.0
2025-12-06T12:56:47.392666,1,180,107854.0,98493.0,57.0,99.0
2025-12-06T12:56:47.423897,1,181,107854.0,98493.0,57.0,99.0
2025-12-06T12:56:47.478143,1,182,107854.0,98493.0,57.0,99.0
2025-12-06T12:56:47.520894,1,183,107387.0,98316.0,57.0,99.0
2025-12-06T12:56:47.554707,1,184,107387.0,98316.0,57.0,99.0
2025-12-06T12:56:47.582334,1,185,107387.0,98316.0,57.0,99.0
2025-12-06T12:56:47.631436,1,186,107387.0,98316.0,57.0,99.0
2025-12-06T12:56:47.664239,1,187,107342.0,98289.0,57.0,99.0
2025-12-06T12:56:47.703422,1,188,107342.0,98289.0,57.0,99.0
2025-12-06T12:56:51.266169,2,0,107342.0,98289.0,59.0,98.0
2025-12-06T12:56:51.266169,2,1,107342.0,98289.0,59.0,98.0
2025-12-06T12:56:51.266169,2,2,107237.0,98228.0,59.0,98.0
2025-12-06T12:56:51.266169,2,3,107237.0,98228.0,59.0,98.0
2025-12-06T12:56:51.266169,2,4,107237.0,98228.0,59.0,98.0
2025-12-06T12:56:51.266169,2,5,107237.0,98228.0,59.0,98.0
2025-12-06T12:56:51.266169,2,6,107307.0,98282.0,59.0,98.0
2025-12-06T12:56:51.266169,2,7,107307.0,98282.0,59.0,98.0
2025-12-06T12:56:51.266169,2,8,107307.0,98282.0,59.0,98.0
2025-12-06T12:56:51.266169,2,9,107307.0,98282.0,59.0,98.0
2025-12-06T12:56:51.266169,2,10,107397.0,98327.0,59.0,98.0
2025-12-06T12:56:51.266169,2,11,107397.0,98327.0,59.0,98.0
2025-12-06T12:56:51.266169,2,12,107397.0,98327.0,59.0,98.0
2025-12-06T12:56:51.266169,2,13,107397.0,98327.0,59.0,98.0
2025-12-06T12:56:51.266169,2,14,107557.0,98398.0,59.0,98.0
2025-12-06T12:56:51.266169,2,15,107557.0,98398.0,59.0,98.0
2025-12-06T12:56:51.274297,2,16,107557.0,98398.0,59.0,98.0
2025-12-06T12:56:51.274297,2,17,107557.0,98398.0,59.0,98.0
2025-12-06T12:56:51.274297,2,18,107139.0,98227.0,59.0,98.0
2025-12-06T12:56:51.274297,2,19,107139.0,98227.0,59.0,98.0
2025-12-06T12:56:51.274297,2,20,107139.0,98227.0,59.0,98.0
2025-12-06T12:56:51.274297,2,21,107139.0,98227.0,59.0,98.0
2025-12-06T12:56:51.274297,2,22,107144.0,98226.0,59.0,98.0
2025-12-06T12:56:51.274297,2,23,107144.0,98226.0,59.0,98.0
2025-12-06T12:56:51.274297,2,24,107144.0,98226.0,59.0,98.0
2025-12-06T12:56:51.274297,2,25,107144.0,98226.0,59.0,98.0
2025-12-06T12:56:51.274297,2,26,107085.0,98179.0,59.0,98.0
2025-12-06T12:56:51.274297,2,27,107085.0,98179.0,59.0,98.0
2025-12-06T12:56:51.274297,2,28,107085.0,98179.0,59.0,98.0
2025-12-06T12:56:51.274297,2,29,107085.0,98179.0,59.0,98.0
2025-12-06T12:56:51.274297,2,30,107174.0,98226.0,59.0,98.0
2025-12-06T12:56:51.274297,2,31,107174.0,98226.0,59.0,98.0
2025-12-06T12:56:51.274297,2,32,107174.0,98226.0,59.0,98.0
2025-12-06T12:56:51.282412,2,33,107174.0,98226.0,59.0,98.0
2025-12-06T12:56:51.283646,2,34,107313.0,98284.0,59.0,98.0
2025-12-06T12:56:51.283646,2,35,107313.0,98284.0,59.0,98.0
2025-12-06T12:56:51.283646,2,36,107313.0,98284.0,59.0,98.0
2025-12-06T12:56:51.283646,2,37,107313.0,98284.0,59.0,98.0
2025-12-06T12:56:51.283646,2,38,107430.0,98342.0,59.0,98.0
2025-12-06T12:56:51.283646,2,39,107430.0,98342.0,59.0,98.0
2025-12-06T12:56:51.283646,2,40,107430.0,98342.0,59.0,98.0
2025-12-06T12:56:51.283646,2,41,107430.0,98342.0,59.0,98.0
2025-12-06T12:56:51.283646,2,42,106985.0,98135.0,59.0,98.0
2025-12-06T12:56:51.283646,2,43,106985.0,98135.0,59.0,98.0
2025-12-06T12:56:51.283646,2,44,106985.0,98135.0,59.0,98.0
2025-12-06T12:56:51.283646,2,45,106985.0,98135.0,59.0,98.0
2025-12-06T12:56:51.283646,2,46,107024.0,98159.0,59.0,98.0
2025-12-06T12:56:51.283646,2,47,107024.0,98159.0,59.0,98.0
2025-12-06T12:56:51.283646,2,48,107024.0,98159.0,59.0,98.0
2025-12-06T12:56:51.296359,2,49,107024.0,98159.0,59.0,98.0
2025-12-06T12:56:51.296359,2,50,107091.0,98182.0,59.0,98.0
2025-12-06T12:56:51.296359,2,51,107091.0,98182.0,59.0,98.0
2025-12-06T12:56:51.296359,2,52,107091.0,98182.0,59.0,98.0
2025-12-06T12:56:51.296359,2,53,107091.0,98182.0,59.0,98.0
2025-12-06T12:56:51.296359,2,54,107224.0,98244.0,59.0,98.0
2025-12-06T12:56:51.296359,2,55,107224.0,98244.0,59.0,98.0
2025-12-06T12:56:51.296359,2,56,107224.0,98244.0,59.0,98.0
2025-12-06T12:56:51.296359,2,57,107224.0,98244.0,59.0,98.0
2025-12-06T12:56:51.296359,2,58,107365.0,98305.0,59.0,98.0
2025-12-06T12:56:51.296359,2,59,107365.0,98305.0,59.0,98.0
2025-12-06T12:56:51.296359,2,60,107365.0,98305.0,59.0,98.0
2025-12-06T12:56:51.296359,2,61,107365.0,98305.0,59.0,98.0
2025-12-06T12:56:51.296359,2,62,107373.0,98309.0,59.0,98.0
2025-12-06T12:56:51.296359,2,63,107373.0,98309.0,59.0,98.0
2025-12-06T12:56:51.296359,2,64,107373.0,98309.0,59.0,98.0
2025-12-06T12:56:51.296359,2,65,107373.0,98309.0,59.0,98.0
2025-12-06T12:56:51.296359,2,66,107192.0,98237.0,59.0,98.0
2025-12-06T12:56:51.296359,2,67,107192.0,98237.0,59.0,98.0
2025-12-06T12:56:51.296359,2,68,107192.0,98237.0,59.0,98.0
2025-12-06T12:56:51.296359,2,69,107192.0,98237.0,59.0,98.0
2025-12-06T12:56:51.296359,2,70,107182.0,98226.0,59.0,98.0
2025-12-06T12:56:51.296359,2,71,107182.0,98226.0,59.0,98.0
2025-12-06T12:56:51.296359,2,72,107182.0,98226.0,59.0,98.0
2025-12-06T12:56:51.296359,2,73,107182.0,98226.0,59.0,98.0
2025-12-06T12:56:51.296359,2,74,107296.0,98263.0,59.0,98.0
2025-12-06T12:56:51.296359,2,75,107296.0,98263.0,59.0,98.0
2025-12-06T12:56:51.296359,2,76,107296.0,98263.0,59.0,98.0
2025-12-06T12:56:51.296359,2,77,107296.0,98263.0,59.0,98.0
2025-12-06T12:56:51.296359,2,78,107436.0,98314.0,59.0,98.0
2025-12-06T12:56:51.312065,2,79,107436.0,98314.0,59.0,98.0
2025-12-06T12:56:51.312065,2,80,107436.0,98314.0,59.0,98.0
2025-12-06T12:56:51.312065,2,81,107436.0,98314.0,59.0,98.0
2025-12-06T12:56:51.312065,2,82,107557.0,98379.0,59.0,98.0
2025-12-06T12:56:51.314104,2,83,107557.0,98379.0,59.0,98.0
2025-12-06T12:56:51.314727,2,84,107557.0,98379.0,59.0,98.0
2025-12-06T12:56:51.314727,2,85,107557.0,98379.0,59.0,98.0
2025-12-06T12:56:51.314727,2,86,107363.0,98278.0,59.0,98.0
2025-12-06T12:56:51.314727,2,87,107363.0,98278.0,59.0,98.0
2025-12-06T12:56:51.314727,2,88,107363.0,98278.0,59.0,98.0
2025-12-06T12:56:51.314727,2,89,107363.0,98278.0,59.0,98.0
2025-12-06T12:56:51.332615,2,90,107400.0,98300.0,59.0,98.0
2025-12-06T12:56:51.374961,2,91,107400.0,98300.0,59.0,98.0
2025-12-06T12:56:51.414540,2,92,107400.0,98300.0,59.0,98.0
2025-12-06T12:56:51.461418,2,93,107400.0,98300.0,59.0,98.0
2025-12-06T12:56:51.493036,2,94,107420.0,98293.0,59.0,98.0
2025-12-06T12:56:51.539914,2,95,107420.0,98293.0,59.0,98.0
2025-12-06T12:56:51.578072,2,96,107420.0,98293.0,59.0,98.0
2025-12-06T12:56:51.610764,2,97,107420.0,98293.0,59.0,98.0
2025-12-06T12:56:51.657676,2,98,107564.0,98342.0,59.0,98.0
2025-12-06T12:56:51.688930,2,99,107564.0,98342.0,59.0,98.0
2025-12-06T12:56:51.735803,2,100,107564.0,98342.0,59.0,98.0
2025-12-06T12:56:51.767052,2,101,107564.0,98342.0,59.0,98.0
2025-12-06T12:56:51.816846,2,102,107674.0,98398.0,59.0,98.0
2025-12-06T12:56:51.848571,2,103,107674.0,98398.0,59.0,98.0
2025-12-06T12:56:51.896703,2,104,107674.0,98398.0,59.0,98.0
2025-12-06T12:56:51.927970,2,105,107674.0,98398.0,59.0,98.0
2025-12-06T12:56:51.979697,2,106,107818.0,98453.0,59.0,98.0
2025-12-06T12:56:52.011160,2,107,107818.0,98453.0,59.0,98.0
2025-12-06T12:56:52.058080,2,108,107818.0,98453.0,59.0,98.0
2025-12-06T12:56:52.089352,2,109,107818.0,98453.0,59.0,98.0
2025-12-06T12:56:52.137360,2,110,107488.0,98321.0,59.0,98.0
2025-12-06T12:56:52.168623,2,111,107488.0,98321.0,59.0,98.0
2025-12-06T12:56:52.204445,2,112,107488.0,98321.0,59.0,98.0
2025-12-06T12:56:52.251239,2,113,107488.0,98321.0,59.0,98.0
2025-12-06T12:56:52.298018,2,114,107579.0,98355.0,59.0,98.0
2025-12-06T12:56:52.329490,2,115,107579.0,98355.0,59.0,98.0
2025-12-06T12:56:52.364229,2,116,107579.0,98355.0,59.0,98.0
2025-12-06T12:56:52.412454,2,117,107579.0,98355.0,59.0,98.0
2025-12-06T12:56:52.443673,2,118,107604.0,98377.0,59.0,98.0
2025-12-06T12:56:52.497949,2,119,107604.0,98377.0,59.0,98.0
2025-12-06T12:56:52.530907,2,120,107604.0,98377.0,59.0,98.0
2025-12-06T12:56:52.562372,2,121,107604.0,98377.0,59.0,98.0
2025-12-06T12:56:52.616953,2,122,107726.0,98410.0,59.0,98.0
2025-12-06T12:56:52.648257,2,123,107726.0,98410.0,59.0,98.0
2025-12-06T12:56:52.695610,2,124,107726.0,98410.0,59.0,98.0
2025-12-06T12:56:52.729293,2,125,107726.0,98410.0,59.0,98.0
2025-12-06T12:56:52.776170,2,126,107814.0,98441.0,59.0,98.0
2025-12-06T12:56:52.813809,2,127,107814.0,98441.0,59.0,98.0
2025-12-06T12:56:52.845057,2,128,107814.0,98441.0,59.0,98.0
2025-12-06T12:56:52.889804,2,129,107814.0,98441.0,59.0,98.0
2025-12-06T12:56:52.930643,2,130,107733.0,98410.0,59.0,98.0
2025-12-06T12:56:52.961843,2,131,107733.0,98410.0,59.0,98.0
2025-12-06T12:56:53.008741,2,132,107733.0,98410.0,59.0,98.0
2025-12-06T12:56:53.056586,2,133,107733.0,98410.0,59.0,98.0
2025-12-06T12:56:53.088253,2,134,107570.0,98360.0,59.0,98.0
2025-12-06T12:56:53.128765,2,135,107570.0,98360.0,59.0,98.0
2025-12-06T12:56:53.171054,2,136,107570.0,98360.0,59.0,98.0
2025-12-06T12:56:53.202527,2,137,107570.0,98360.0,59.0,98.0
2025-12-06T12:56:53.250859,2,138,107594.0,98333.0,59.0,98.0
2025-12-06T12:56:53.281733,2,139,107594.0,98333.0,59.0,98.0
2025-12-06T12:56:55.286612,3,0,107594.0,98333.0,64.0,97.0
2025-12-06T12:56:55.286612,3,1,107594.0,98333.0,64.0,97.0
2025-12-06T12:56:55.286612,3,2,107726.0,98394.0,64.0,97.0
2025-12-06T12:56:55.290735,3,3,107726.0,98394.0,64.0,97.0
2025-12-06T12:56:55.291236,3,4,107726.0,98394.0,64.0,97.0
2025-12-06T12:56:55.291236,3,5,107726.0,98394.0,64.0,97.0
2025-12-06T12:56:55.291236,3,6,107812.0,98440.0,64.0,97.0
2025-12-06T12:56:55.291236,3,7,107812.0,98440.0,64.0,97.0
2025-12-06T12:56:55.291236,3,8,107812.0,98440.0,64.0,97.0
2025-12-06T12:56:55.291236,3,9,107812.0,98440.0,64.0,97.0
2025-12-06T12:56:55.291236,3,10,107929.0,98476.0,64.0,97.0
2025-12-06T12:56:55.296896,3,11,107929.0,98476.0,64.0,97.0
2025-12-06T12:56:55.297848,3,12,107929.0,98476.0,64.0,97.0
2025-12-06T12:56:55.297848,3,13,107929.0,98476.0,64.0,97.0
2025-12-06T12:56:55.299633,3,14,107879.0,98439.0,64.0,97.0
2025-12-06T12:56:55.300751,3,15,107879.0,98439.0,64.0,97.0
2025-12-06T12:56:55.300751,3,16,107879.0,98439.0,64.0,97.0
2025-12-06T12:56:55.300751,3,17,107879.0,98439.0,64.0,97.0
2025-12-06T12:56:55.303181,3,18,107758.0,98399.0,64.0,97.0
2025-12-06T12:56:55.304426,3,19,107758.0,98399.0,64.0,97.0
2025-12-06T12:56:55.305537,3,20,107758.0,98399.0,64.0,97.0
2025-12-06T12:56:55.305537,3,21,107758.0,98399.0,64.0,97.0
2025-12-06T12:56:55.305537,3,22,107744.0,98392.0,64.0,97.0
2025-12-06T12:56:55.305537,3,23,107744.0,98392.0,64.0,97.0
2025-12-06T12:56:55.305537,3,24,107744.0,98392.0,64.0,97.0
2025-12-06T12:56:55.305537,3,25,107744.0,98392.0,64.0,97.0
2025-12-06T12:56:55.310335,3,26,107834.0,98423.0,64.0,97.0
2025-12-06T12:56:55.310335,3,27,107834.0,98423.0,64.0,97.0
2025-12-06T12:56:55.310335,3,28,107834.0,98423.0,64.0,97.0
2025-12-06T12:56:55.310335,3,29,107834.0,98423.0,64.0,97.0
2025-12-06T12:56:55.310335,3,30,107920.0,98462.0,64.0,97.0
2025-12-06T12:56:55.313276,3,31,107920.0,98462.0,64.0,97.0
2025-12-06T12:56:55.313276,3,32,107920.0,98462.0,64.0,97.0
2025-12-06T12:56:55.313276,3,33,107920.0,98462.0,64.0,97.0
2025-12-06T12:56:55.315432,3,34,108003.0,98490.0,64.0,97.0
2025-12-06T12:56:55.316434,3,35,108003.0,98490.0,64.0,97.0
2025-12-06T12:56:55.316434,3,36,108003.0,98490.0,64.0,97.0
2025-12-06T12:56:55.316434,3,37,108003.0,98490.0,64.0,97.0
2025-12-06T12:56:55.316434,3,38,107818.0,98396.0,64.0,97.0
2025-12-06T12:56:55.316434,3,39,107818.0,98396.0,64.0,97.0
2025-12-06T12:56:55.316434,3,40,107818.0,98396.0,64.0,97.0
2025-12-06T12:56:55.316434,3,41,107818.0,98396.0,64.0,97.0
2025-12-06T12:56:55.316434,3,42,107789.0,98376.0,64.0,97.0
2025-12-06T12:56:55.316434,3,43,107789.0,98376.0,64.0,97.0
2025-12-06T12:56:55.316434,3,44,107789.0,98376.0,64.0,97.0
2025-12-06T12:56:55.316434,3,45,107789.0,98376.0,64.0,97.0
2025-12-06T12:56:55.316434,3,46,107763.0,98368.0,64.0,97.0
2025-12-06T12:56:55.316434,3,47,107763.0,98368.0,64.0,97.0
2025-12-06T12:56:55.316434,3,48,107763.0,98368.0,64.0,97.0
2025-12-06T12:56:55.316434,3,49,107763.0,98368.0,64.0,97.0
2025-12-06T12:56:55.325521,3,50,107863.0,98390.0,64.0,97.0
2025-12-06T12:56:55.365982,3,51,107863.0,98390.0,64.0,97.0
2025-12-06T12:56:55.405848,3,52,107863.0,98390.0,64.0,97.0
2025-12-06T12:56:55.437462,3,53,107863.0,98390.0,64.0,97.0
2025-12-06T12:56:55.484321,3,54,107934.0,98425.0,64.0,97.0
2025-12-06T12:56:55.515577,3,55,107934.0,98425.0,64.0,97.0
2025-12-06T12:56:55.563118,3,56,107934.0,98425.0,64.0,97.0
2025-12-06T12:56:55.594404,3,57,107934.0,98425.0,64.0,97.0
2025-12-06T12:56:55.641280,3,58,108057.0,98455.0,64.0,97.0
2025-12-06T12:56:55.672120,3,59,108057.0,98455.0,64.0,97.0
2025-12-06T12:56:55.719385,3,60,108057.0,98455.0,64.0,97.0
2025-12-06T12:56:55.750638,3,61,108057.0,98455.0,64.0,97.0
2025-12-06T12:56:55.797169,3,62,107750.0,98338.0,64.0,97.0
2025-12-06T12:56:55.844015,3,63,107750.0,98338.0,64.0,97.0
2025-12-06T12:56:55.881121,3,64,107750.0,98338.0,64.0,97.0
2025-12-06T12:56:55.912739,3,65,107750.0,98338.0,64.0,97.0
2025-12-06T12:56:55.959772,3,66,107802.0,98350.0,64.0,97.0
2025-12-06T12:56:55.992796,3,67,107802.0,98350.0,64.0,97.0
2025-12-06T12:56:56.039648,3,68,107802.0,98350.0,64.0,97.0
2025-12-06T12:56:56.070914,3,69,107802.0,98350.0,64.0,97.0
2025-12-06T12:56:56.117829,3,70,107735.0,98298.0,64.0,97.0
2025-12-06T12:56:56.149039,3,71,107735.0,98298.0,64.0,97.0
2025-12-06T12:56:56.199756,3,72,107735.0,98298.0,64.0,97.0
2025-12-06T12:56:56.230637,3,73,107735.0,98298.0,64.0,97.0
2025-12-06T12:56:56.277887,3,74,107805.0,98321.0,64.0,97.0
2025-12-06T12:56:56.308756,3,75,107805.0,98321.0,64.0,97.0
2025-12-06T12:56:56.356005,3,76,107805.0,98321.0,64.0,97.0
2025-12-06T12:56:56.401189,3,77,107805.0,98321.0,64.0,97.0
2025-12-06T12:56:56.430077,3,78,107877.0,98352.0,64.0,97.0
2025-12-06T12:56:56.477560,3,79,107877.0,98352.0,64.0,97.0
2025-12-06T12:56:56.509290,3,80,107877.0,98352.0,64.0,97.0
2025-12-06T12:56:56.556161,3,81,107877.0,98352.0,64.0,97.0
2025-12-06T12:56:56.587412,3,82,107946.0,98355.0,64.0,97.0
2025-12-06T12:56:56.634297,3,83,107946.0,98355.0,64.0,97.0
2025-12-06T12:56:56.682455,3,84,107946.0,98355.0,64.0,97.0
2025-12-06T12:56:56.710941,3,85,107946.0,98355.0,64.0,97.0
2025-12-06T12:56:56.757871,3,86,107565.0,98195.0,64.0,97.0
2025-12-06T12:56:56.789145,3,87,107565.0,98195.0,64.0,97.0
2025-12-06T12:56:56.835966,3,88,107565.0,98195.0,64.0,97.0
2025-12-06T12:56:56.867224,3,89,107565.0,98195.0,64.0,97.0
2025-12-06T12:56:56.920569,3,90,107521.0,98151.0,64.0,97.0
2025-12-06T12:56:56.946849,3,91,107521.0,98151.0,64.0,97.0
2025-12-06T12:56:56.994335,3,92,107521.0,98151.0,64.0,97.0
2025-12-06T12:56:57.028242,3,93,107521.0,98151.0,64.0,97.0
2025-12-06T12:56:57.075113,3,94,107517.0,98156.0,64.0,97.0
2025-12-06T12:56:57.109238,3,95,107517.0,98156.0,64.0,97.0
2025-12-06T12:56:57.156614,3,96,107517.0,98156.0,64.0,97.0
2025-12-06T12:56:57.196055,3,97,107517.0,98156.0,64.0,97.0
2025-12-06T12:56:57.238827,3,98,107630.0,98184.0,64.0,97.0
2025-12-06T12:56:57.270439,3,99,107630.0,98184.0,64.0,97.0
2025-12-06T12:56:57.317556,3,100,107630.0,98184.0,64.0,97.0
2025-12-06T12:56:59.484847,4,0,107630.0,98184.0,65.0,97.0
2025-12-06T12:56:59.484847,4,1,107702.0,98212.0,65.0,97.0
2025-12-06T12:56:59.484847,4,2,107702.0,98212.0,65.0,97.0
2025-12-06T12:56:59.488207,4,3,107702.0,98212.0,65.0,97.0
2025-12-06T12:56:59.488207,4,4,107702.0,98212.0,65.0,97.0
2025-12-06T12:56:59.488207,4,5,107537.0,98153.0,65.0,97.0
2025-12-06T12:56:59.488207,4,6,107537.0,98153.0,65.0,97.0
2025-12-06T12:56:59.488207,4,7,107537.0,98153.0,65.0,97.0
2025-12-06T12:56:59.488207,4,8,107537.0,98153.0,65.0,97.0
2025-12-06T12:56:59.488207,4,9,107420.0,98088.0,65.0,97.0
2025-12-06T12:56:59.488207,4,10,107420.0,98088.0,65.0,97.0
2025-12-06T12:56:59.488207,4,11,107420.0,98088.0,65.0,97.0
2025-12-06T12:56:59.495967,4,12,107420.0,98088.0,65.0,97.0
2025-12-06T12:56:59.497126,4,13,107349.0,98043.0,65.0,97.0
2025-12-06T12:56:59.497126,4,14,107349.0,98043.0,65.0,97.0
2025-12-06T12:56:59.502277,4,15,107349.0,98043.0,65.0,97.0
2025-12-06T12:56:59.502277,4,16,107349.0,98043.0,65.0,97.0
2025-12-06T12:56:59.503758,4,17,107396.0,98059.0,65.0,97.0
2025-12-06T12:56:59.503758,4,18,107396.0,98059.0,65.0,97.0
2025-12-06T12:56:59.503758,4,19,107396.0,98059.0,65.0,97.0
2025-12-06T12:56:59.503758,4,20,107396.0,98059.0,65.0,97.0
2025-12-06T12:56:59.507089,4,21,107456.0,98089.0,65.0,97.0
2025-12-06T12:56:59.507089,4,22,107456.0,98089.0,65.0,97.0
2025-12-06T12:56:59.509203,4,23,107456.0,98089.0,65.0,97.0
2025-12-06T12:56:59.510124,4,24,107456.0,98089.0,65.0,97.0
2025-12-06T12:56:59.510124,4,25,107515.0,98086.0,65.0,97.0
2025-12-06T12:56:59.510124,4,26,107515.0,98086.0,65.0,97.0
2025-12-06T12:56:59.513354,4,27,107515.0,98086.0,65.0,97.0
2025-12-06T12:56:59.514510,4,28,107515.0,98086.0,65.0,97.0
2025-12-06T12:56:59.514510,4,29,107094.0,97900.0,65.0,97.0
2025-12-06T12:56:59.514510,4,30,107094.0,97900.0,65.0,97.0
2025-12-06T12:56:59.514510,4,31,107094.0,97900.0,65.0,97.0
2025-12-06T12:56:59.514510,4,32,107094.0,97900.0,65.0,97.0
2025-12-06T12:56:59.514510,4,33,107126.0,97905.0,65.0,97.0
2025-12-06T12:56:59.514510,4,34,107126.0,97905.0,65.0,97.0
2025-12-06T12:56:59.514510,4,35,107126.0,97905.0,65.0,97.0
2025-12-06T12:56:59.514510,4,36,107126.0,97905.0,65.0,97.0
2025-12-06T12:56:59.514510,4,37,107139.0,97935.0,65.0,97.0
2025-12-06T12:56:59.514510,4,38,107139.0,97935.0,65.0,97.0
2025-12-06T12:56:59.514510,4,39,107139.0,97935.0,65.0,97.0
2025-12-06T12:56:59.514510,4,40,107139.0,97935.0,65.0,97.0
2025-12-06T12:56:59.514510,4,41,107220.0,97975.0,65.0,97.0
2025-12-06T12:56:59.514510,4,42,107220.0,97975.0,65.0,97.0
2025-12-06T12:56:59.514510,4,43,107220.0,97975.0,65.0,97.0
2025-12-06T12:56:59.514510,4,44,107220.0,97975.0,65.0,97.0
2025-12-06T12:56:59.514510,4,45,107291.0,98007.0,65.0,97.0
2025-12-06T12:56:59.530619,4,46,107291.0,98007.0,65.0,97.0
2025-12-06T12:56:59.530619,4,47,107291.0,98007.0,65.0,97.0
2025-12-06T12:56:59.530619,4,48,107291.0,98007.0,65.0,97.0
2025-12-06T12:56:59.530619,4,49,107084.0,97929.0,65.0,97.0
2025-12-06T12:56:59.530619,4,50,107084.0,97929.0,65.0,97.0
2025-12-06T12:56:59.530619,4,51,107084.0,97929.0,65.0,97.0
2025-12-06T12:56:59.530619,4,52,107084.0,97929.0,65.0,97.0
2025-12-06T12:56:59.530619,4,53,107006.0,97879.0,65.0,97.0
2025-12-06T12:56:59.530619,4,54,107006.0,97879.0,65.0,97.0
2025-12-06T12:56:59.547731,4,55,107006.0,97879.0,65.0,97.0
2025-12-06T12:56:59.587966,4,56,107006.0,97879.0,65.0,97.0
2025-12-06T12:56:59.628656,4,57,106955.0,97856.0,65.0,97.0
2025-12-06T12:56:59.659992,4,58,106955.0,97856.0,65.0,97.0
2025-12-06T12:56:59.706892,4,59,106955.0,97856.0,65.0,97.0
2025-12-06T12:56:59.743197,4,60,106955.0,97856.0,65.0,97.0
2025-12-06T12:56:59.776024,4,61,107040.0,97900.0,65.0,97.0
2025-12-06T12:56:59.822922,4,62,107040.0,97900.0,65.0,97.0
2025-12-06T12:56:59.854966,4,63,107040.0,97900.0,65.0,97.0
2025-12-06T12:56:59.902742,4,64,107040.0,97900.0,65.0,97.0
2025-12-06T12:56:59.935344,4,65,107124.0,97944.0,65.0,97.0
2025-12-06T12:56:59.983574,4,66,107124.0,97944.0,65.0,97.0
2025-12-06T12:57:00.017322,4,67,107124.0,97944.0,65.0,97.0
2025-12-06T12:57:00.058056,4,68,107124.0,97944.0,65.0,97.0
2025-12-06T12:57:00.103962,4,69,107200.0,97977.0,65.0,97.0
2025-12-06T12:57:00.144715,4,70,107200.0,97977.0,65.0,97.0
2025-12-06T12:57:00.176417,4,71,107200.0,97977.0,65.0,97.0
2025-12-06T12:57:00.223528,4,72,107200.0,97977.0,65.0,97.0
2025-12-06T12:57:00.264631,4,73,106916.0,97875.0,65.0,97.0
2025-12-06T12:57:00.295894,4,74,106916.0,97875.0,65.0,97.0
2025-12-06T12:57:00.343099,4,75,106916.0,97875.0,65.0,97.0
2025-12-06T12:57:00.377639,4,76,106916.0,97875.0,65.0,97.0
2025-12-06T12:57:00.425750,4,77,106895.0,97858.0,65.0,97.0
2025-12-06T12:57:00.457381,4,78,106895.0,97858.0,65.0,97.0
2025-12-06T12:57:00.503876,4,79,106895.0,97858.0,65.0,97.0
2025-12-06T12:57:00.530572,4,80,106895.0,97858.0,65.0,97.0
2025-12-06T12:57:00.577463,4,81,106923.0,97887.0,65.0,97.0
2025-12-06T12:57:00.622530,4,82,106923.0,97887.0,65.0,97.0
2025-12-06T12:57:00.662274,4,83,106923.0,97887.0,65.0,97.0
2025-12-06T12:57:00.693979,4,84,106923.0,97887.0,65.0,97.0
2025-12-06T12:57:00.743292,4,85,107034.0,97944.0,65.0,97.0
2025-12-06T12:57:00.776437,4,86,107034.0,97944.0,65.0,97.0
2025-12-06T12:57:00.823667,4,87,107034.0,97944.0,65.0,97.0
2025-12-06T12:57:00.855002,4,88,107034.0,97944.0,65.0,97.0
2025-12-06T12:57:00.903654,4,89,107136.0,97979.0,65.0,97.0
2025-12-06T12:57:00.944308,4,90,107136.0,97979.0,65.0,97.0
2025-12-06T12:57:00.975937,4,91,107136.0,97979.0,65.0,97.0
2025-12-06T12:57:01.023644,4,92,107136.0,97979.0,65.0,97.0
2025-12-06T12:57:01.056310,4,93,106814.0,97881.0,65.0,97.0
2025-12-06T12:57:01.092614,4,94,106814.0,97881.0,65.0,97.0
2025-12-06T12:57:01.143278,4,95,106814.0,97881.0,65.0,97.0
2025-12-06T12:57:01.179422,4,96,106814.0,97881.0,65.0,97.0
2025-12-06T12:57:01.213110,4,97,106885.0,97908.0,65.0,97.0
2025-12-06T12:57:01.250074,4,98,106885.0,97908.0,65.0,97.0
2025-12-06T12:57:01.286873,4,99,106885.0,97908.0,65.0,97.0
2025-12-06T12:57:01.333975,4,100,106885.0,97908.0,65.0,97.0
2025-12-06T12:57:01.381672,4,101,106877.0,97924.0,65.0,97.0
2025-12-06T12:57:01.412944,4,102,106877.0,97924.0,65.0,97.0
2025-12-06T12:57:01.460180,4,103,106877.0,97924.0,65.0,97.0
2025-12-06T12:57:01.491438,4,104,106877.0,97924.0,65.0,97.0
2025-12-06T12:57:04.228498,5,0,107018.0,97980.0,68.0,96.0
2025-12-06T12:57:04.228588,5,1,107018.0,97980.0,68.0,96.0
2025-12-06T12:57:04.228588,5,2,107018.0,97980.0,68.0,96.0
2025-12-06T12:57:04.230364,5,3,107018.0,97980.0,68.0,96.0
2025-12-06T12:57:04.230364,5,4,107055.0,97993.0,68.0,96.0
2025-12-06T12:57:04.230364,5,5,107055.0,97993.0,68.0,96.0
2025-12-06T12:57:04.230364,5,6,107055.0,97993.0,68.0,96.0
2025-12-06T12:57:04.230364,5,7,107055.0,97993.0,68.0,96.0
2025-12-06T12:57:04.230364,5,8,106921.0,97963.0,68.0,96.0
2025-12-06T12:57:04.230364,5,9,106921.0,97963.0,68.0,96.0
2025-12-06T12:57:04.230364,5,10,106921.0,97963.0,68.0,96.0
2025-12-06T12:57:04.230364,5,11,106921.0,97963.0,68.0,96.0
2025-12-06T12:57:04.230364,5,12,106897.0,97963.0,68.0,96.0
2025-12-06T12:57:04.230364,5,13,106897.0,97963.0,68.0,96.0
2025-12-06T12:57:04.230364,5,14,106897.0,97963.0,68.0,96.0
2025-12-06T12:57:04.230364,5,15,106897.0,97963.0,68.0,96.0
2025-12-06T12:57:04.230364,5,16,106882.0,97993.0,68.0,96.0
2025-12-06T12:57:04.230364,5,17,106882.0,97993.0,68.0,96.0
2025-12-06T12:57:04.230364,5,18,106882.0,97993.0,68.0,96.0
2025-12-06T12:57:04.230364,5,19,106882.0,97993.0,68.0,96.0
2025-12-06T12:57:04.230364,5,20,106983.0,98023.0,68.0,96.0
2025-12-06T12:57:04.230364,5,21,106983.0,98023.0,68.0,96.0
2025-12-06T12:57:04.230364,5,22,106983.0,98023.0,68.0,96.0
2025-12-06T12:57:04.230364,5,23,106983.0,98023.0,68.0,96.0
2025-12-06T12:57:04.230364,5,24,107126.0,98091.0,68.0,96.0
2025-12-06T12:57:04.230364,5,25,107126.0,98091.0,68.0,96.0
2025-12-06T12:57:04.230364,5,26,107126.0,98091.0,68.0,96.0
2025-12-06T12:57:04.230364,5,27,107126.0,98091.0,68.0,96.0
2025-12-06T12:57:04.230364,5,28,107155.0,98126.0,68.0,96.0
2025-12-06T12:57:04.230364,5,29,107155.0,98126.0,68.0,96.0
2025-12-06T12:57:04.230364,5,30,107155.0,98126.0,68.0,96.0
2025-12-06T12:57:04.230364,5,31,107155.0,98126.0,68.0,96.0
2025-12-06T12:57:04.230364,5,32,106953.0,98041.0,68.0,96.0
2025-12-06T12:57:04.230364,5,33,106953.0,98041.0,68.0,96.0
2025-12-06T12:57:04.230364,5,34,106953.0,98041.0,68.0,96.0
2025-12-06T12:57:04.230364,5,35,106953.0,98041.0,68.0,96.0
2025-12-06T12:57:04.230364,5,36,106977.0,98094.0,68.0,96.0
2025-12-06T12:57:04.230364,5,37,106977.0,98094.0,68.0,96.0
2025-12-06T12:57:04.244748,5,38,106977.0,98094.0,68.0,96.0
2025-12-06T12:57:04.245802,5,39,106977.0,98094.0,68.0,96.0
2025-12-06T12:57:04.245802,5,40,107140.0,98175.0,68.0,96.0
2025-12-06T12:57:04.245802,5,41,107140.0,98175.0,68.0,96.0
2025-12-06T12:57:04.247360,5,42,107140.0,98175.0,68.0,96.0
2025-12-06T12:57:04.248086,5,43,107140.0,98175.0,68.0,96.0
2025-12-06T12:57:04.248228,5,44,107287.0,98231.0,68.0,96.0
2025-12-06T12:57:04.248228,5,45,107287.0,98231.0,68.0,96.0
2025-12-06T12:57:04.248228,5,46,107287.0,98231.0,68.0,96.0
2025-12-06T12:57:04.248228,5,47,107287.0,98231.0,68.0,96.0
2025-12-06T12:57:04.248228,5,48,107393.0,98260.0,68.0,96.0
2025-12-06T12:57:04.250581,5,49,107393.0,98260.0,68.0,96.0
2025-12-06T12:57:04.250581,5,50,107393.0,98260.0,68.0,96.0
2025-12-06T12:57:04.251789,5,51,107393.0,98260.0,68.0,96.0
2025-12-06T12:57:04.252649,5,52,107089.0,98151.0,68.0,96.0
2025-12-06T12:57:04.252649,5,53,107089.0,98151.0,68.0,96.0
2025-12-06T12:57:04.254285,5,54,107089.0,98151.0,68.0,96.0
2025-12-06T12:57:04.254961,5,55,107089.0,98151.0,68.0,96.0
2025-12-06T12:57:04.254961,5,56,107127.0,98170.0,68.0,96.0
2025-12-06T12:57:04.254961,5,57,107127.0,98170.0,68.0,96.0
2025-12-06T12:57:04.254961,5,58,107127.0,98170.0,68.0,96.0
2025-12-06T12:57:04.254961,5,59,107127.0,98170.0,68.0,96.0
2025-12-06T12:57:04.254961,5,60,107146.0,98189.0,68.0,96.0
2025-12-06T12:57:04.254961,5,61,107146.0,98189.0,68.0,96.0
2025-12-06T12:57:04.254961,5,62,107146.0,98189.0,68.0,96.0
2025-12-06T12:57:04.254961,5,63,107146.0,98189.0,68.0,96.0
2025-12-06T12:57:04.254961,5,64,107256.0,98235.0,68.0,96.0
2025-12-06T12:57:04.254961,5,65,107256.0,98235.0,68.0,96.0
2025-12-06T12:57:04.254961,5,66,107256.0,98235.0,68.0,96.0
2025-12-06T12:57:04.254961,5,67,107256.0,98235.0,68.0,96.0
2025-12-06T12:57:04.254961,5,68,107369.0,98290.0,68.0,96.0
2025-12-06T12:57:04.285570,5,69,107369.0,98290.0,68.0,96.0
2025-12-06T12:57:04.330075,5,70,107369.0,98290.0,68.0,96.0
2025-12-06T12:57:04.357332,5,71,107369.0,98290.0,68.0,96.0
2025-12-06T12:57:04.407477,5,72,107098.0,98175.0,68.0,96.0
2025-12-06T12:57:04.438724,5,73,107098.0,98175.0,68.0,96.0
2025-12-06T12:57:04.486387,5,74,107098.0,98175.0,68.0,96.0
2025-12-06T12:57:04.523286,5,75,107098.0,98175.0,68.0,96.0
2025-12-06T12:57:04.558511,5,76,107068.0,98167.0,68.0,96.0
2025-12-06T12:57:04.596588,5,77,107068.0,98167.0,68.0,96.0
2025-12-06T12:57:04.643943,5,78,107068.0,98167.0,68.0,96.0
2025-12-06T12:57:04.684896,5,79,107068.0,98167.0,68.0,96.0
2025-12-06T12:57:04.718563,5,80,107053.0,98171.0,68.0,96.0
2025-12-06T12:57:04.767065,5,81,107053.0,98171.0,68.0,96.0
2025-12-06T12:57:04.802702,5,82,107053.0,98171.0,68.0,96.0
2025-12-06T12:57:04.833938,5,83,107053.0,98171.0,68.0,96.0
2025-12-06T12:57:04.874217,5,84,107175.0,98217.0,68.0,96.0
2025-12-06T12:57:04.922163,5,85,107175.0,98217.0,68.0,96.0
2025-12-06T12:57:04.967483,5,86,107175.0,98217.0,68.0,96.0
2025-12-06T12:57:04.998537,5,87,107175.0,98217.0,68.0,96.0
2025-12-06T12:57:05.045440,5,88,107250.0,98225.0,68.0,96.0
2025-12-06T12:57:05.076966,5,89,107250.0,98225.0,68.0,96.0
2025-12-06T12:57:05.120238,5,90,107250.0,98225.0,68.0,96.0
2025-12-06T12:57:05.165176,5,91,107250.0,98225.0,68.0,96.0
2025-12-06T12:57:05.207308,5,92,107076.0,98162.0,68.0,96.0
2025-12-06T12:57:05.242837,5,93,107076.0,98162.0,68.0,96.0
2025-12-06T12:57:05.275492,5,94,107076.0,98162.0,68.0,96.0
2025-12-06T12:57:05.322378,5,95,107076.0,98162.0,68.0,96.0
2025-12-06T12:57:05.354494,5,96,106884.0,98074.0,68.0,96.0
2025-12-06T12:57:05.399575,5,97,106884.0,98074.0,68.0,96.0
2025-12-06T12:57:05.431074,5,98,106884.0,98074.0,68.0,96.0
2025-12-06T12:57:05.469851,5,99,106884.0,98074.0,68.0,96.0
2025-12-06T12:57:05.516987,5,100,106863.0,98058.0,68.0,96.0
2025-12-06T12:57:05.564671,5,101,106863.0,98058.0,68.0,96.0
2025-12-06T12:57:05.595966,5,102,106863.0,98058.0,68.0,96.0
2025-12-06T12:57:05.649311,5,103,106863.0,98058.0,68.0,96.0
2025-12-06T12:57:05.678992,5,104,106972.0,98110.0,68.0,96.0
2025-12-06T12:57:05.711964,5,105,106972.0,98110.0,68.0,96.0
2025-12-06T12:57:05.760501,5,106,106972.0,98110.0,68.0,96.0
2025-12-06T12:57:05.791715,5,107,106972.0,98110.0,68.0,96.0
2025-12-06T12:57:05.840657,5,108,107089.0,98154.0,68.0,96.0
2025-12-06T12:57:05.881806,5,109,107089.0,98154.0,68.0,96.0
2025-12-06T12:57:05.909141,5,110,107089.0,98154.0,68.0,96.0
2025-12-06T12:57:05.956015,5,111,107089.0,98154.0,68.0,96.0
2025-12-06T12:57:06.003139,5,112,107124.0,98174.0,68.0,96.0
2025-12-06T12:57:06.034601,5,113,107124.0,98174.0,68.0,96.0
2025-12-06T12:57:06.068441,5,114,107124.0,98174.0,68.0,96.0
2025-12-06T12:57:06.115920,5,115,107124.0,98174.0,68.0,96.0
2025-12-06T12:57:06.151542,5,116,106879.0,98107.0,68.0,96.0
2025-12-06T12:57:06.199593,5,117,106879.0,98107.0,68.0,96.0
2025-12-06T12:57:06.231023,5,118,106879.0,98107.0,68.0,96.0
2025-12-06T12:57:08.721110,6,0,106879.0,98107.0,71.0,96.0
2025-12-06T12:57:08.721110,6,1,106983.0,98177.0,71.0,96.0
2025-12-06T12:57:08.721110,6,2,106983.0,98177.0,71.0,96.0
2025-12-06T12:57:08.723646,6,3,106983.0,98177.0,71.0,96.0
2025-12-06T12:57:08.724295,6,4,106983.0,98177.0,71.0,96.0
2025-12-06T12:57:08.724295,6,5,107100.0,98240.0,71.0,96.0
2025-12-06T12:57:08.724295,6,6,107100.0,98240.0,71.0,96.0
2025-12-06T12:57:08.727312,6,7,107100.0,98240.0,71.0,96.0
2025-12-06T12:57:08.727312,6,8,107100.0,98240.0,71.0,96.0
2025-12-06T12:57:08.727312,6,9,107239.0,98290.0,71.0,96.0
2025-12-06T12:57:08.727312,6,10,107239.0,98290.0,71.0,96.0
2025-12-06T12:57:08.727312,6,11,107239.0,98290.0,71.0,96.0
2025-12-06T12:57:08.727312,6,12,107239.0,98290.0,71.0,96.0
2025-12-06T12:57:08.727312,6,13,107392.0,98349.0,71.0,96.0
2025-12-06T12:57:08.727312,6,14,107392.0,98349.0,71.0,96.0
2025-12-06T12:57:08.735356,6,15,107392.0,98349.0,71.0,96.0
2025-12-06T12:57:08.736884,6,16,107392.0,98349.0,71.0,96.0
2025-12-06T12:57:08.736884,6,17,107028.0,98218.0,71.0,96.0
2025-12-06T12:57:08.739017,6,18,107028.0,98218.0,71.0,96.0
2025-12-06T12:57:08.739017,6,19,107028.0,98218.0,71.0,96.0
2025-12-06T12:57:08.740411,6,20,107028.0,98218.0,71.0,96.0
2025-12-06T12:57:08.740411,6,21,107033.0,98223.0,71.0,96.0
2025-12-06T12:57:08.740411,6,22,107033.0,98223.0,71.0,96.0
2025-12-06T12:57:08.740411,6,23,107033.0,98223.0,71.0,96.0
2025-12-06T12:57:08.740411,6,24,107033.0,98223.0,71.0,96.0
2025-12-06T12:57:08.744211,6,25,107036.0,98209.0,71.0,96.0
2025-12-06T12:57:08.745267,6,26,107036.0,98209.0,71.0,96.0
2025-12-06T12:57:08.746347,6,27,107036.0,98209.0,71.0,96.0
2025-12-06T12:57:08.747849,6,28,107036.0,98209.0,71.0,96.0
2025-12-06T12:57:08.747849,6,29,107159.0,98276.0,71.0,96.0
2025-12-06T12:57:08.749561,6,30,107159.0,98276.0,71.0,96.0
2025-12-06T12:57:08.750154,6,31,107159.0,98276.0,71.0,96.0
2025-12-06T12:57:08.750654,6,32,107159.0,98276.0,71.0,96.0
2025-12-06T12:57:08.751687,6,33,107305.0,98322.0,71.0,96.0
2025-12-06T12:57:08.751687,6,34,107305.0,98322.0,71.0,96.0
2025-12-06T12:57:08.751687,6,35,107305.0,98322.0,71.0,96.0
2025-12-06T12:57:08.751687,6,36,107305.0,98322.0,71.0,96.0
2025-12-06T12:57:08.751687,6,37,106938.0,98208.0,71.0,96.0
2025-12-06T12:57:08.751687,6,38,106938.0,98208.0,71.0,96.0
2025-12-06T12:57:08.751687,6,39,106938.0,98208.0,71.0,96.0
2025-12-06T12:57:08.751687,6,40,106938.0,98208.0,71.0,96.0
2025-12-06T12:57:08.751687,6,41,106964.0,98216.0,71.0,96.0
2025-12-06T12:57:08.751687,6,42,106964.0,98216.0,71.0,96.0
2025-12-06T12:57:08.751687,6,43,106964.0,98216.0,71.0,96.0
2025-12-06T12:57:08.751687,6,44,106964.0,98216.0,71.0,96.0
2025-12-06T12:57:08.759822,6,45,106990.0,98220.0,71.0,96.0
2025-12-06T12:57:08.760382,6,46,106990.0,98220.0,71.0,96.0
2025-12-06T12:57:08.761447,6,47,106990.0,98220.0,71.0,96.0
2025-12-06T12:57:08.761447,6,48,106990.0,98220.0,71.0,96.0
2025-12-06T12:57:08.761447,6,49,107125.0,98267.0,71.0,96.0
2025-12-06T12:57:08.761447,6,50,107125.0,98267.0,71.0,96.0
2025-12-06T12:57:08.761447,6,51,107125.0,98267.0,71.0,96.0
2025-12-06T12:57:08.761447,6,52,107125.0,98267.0,71.0,96.0
2025-12-06T12:57:08.761447,6,53,107281.0,98332.0,71.0,96.0
2025-12-06T12:57:08.761447,6,54,107281.0,98332.0,71.0,96.0
2025-12-06T12:57:08.761447,6,55,107281.0,98332.0,71.0,96.0
2025-12-06T12:57:08.761447,6,56,107281.0,98332.0,71.0,96.0
2025-12-06T12:57:08.761447,6,57,107005.0,98238.0,71.0,96.0
2025-12-06T12:57:08.761447,6,58,107005.0,98238.0,71.0,96.0
2025-12-06T12:57:08.761447,6,59,107005.0,98238.0,71.0,96.0
2025-12-06T12:57:08.761447,6,60,107005.0,98238.0,71.0,96.0
2025-12-06T12:57:08.761447,6,61,106996.0,98217.0,71.0,96.0
2025-12-06T12:57:08.761447,6,62,106996.0,98217.0,71.0,96.0
2025-12-06T12:57:08.779074,6,63,106996.0,98217.0,71.0,96.0
2025-12-06T12:57:08.827762,6,64,106996.0,98217.0,71.0,96.0
2025-12-06T12:57:08.859318,6,65,107003.0,98224.0,71.0,96.0
2025-12-06T12:57:08.910007,6,66,107003.0,98224.0,71.0,96.0
2025-12-06T12:57:08.951685,6,67,107003.0,98224.0,71.0,96.0
2025-12-06T12:57:08.977755,6,68,107003.0,98224.0,71.0,96.0
2025-12-06T12:57:09.030637,6,69,107144.0,98277.0,71.0,96.0
2025-12-06T12:57:09.063300,6,70,107144.0,98277.0,71.0,96.0
2025-12-06T12:57:09.111369,6,71,107144.0,98277.0,71.0,96.0
2025-12-06T12:57:09.143840,6,72,107144.0,98277.0,71.0,96.0
2025-12-06T12:57:09.179971,6,73,107274.0,98334.0,71.0,96.0
2025-12-06T12:57:09.227082,6,74,107274.0,98334.0,71.0,96.0
2025-12-06T12:57:09.258370,6,75,107274.0,98334.0,71.0,96.0
2025-12-06T12:57:09.307305,6,76,107274.0,98334.0,71.0,96.0
2025-12-06T12:57:09.338575,6,77,107033.0,98239.0,71.0,96.0
2025-12-06T12:57:09.385474,6,78,107033.0,98239.0,71.0,96.0
2025-12-06T12:57:09.428310,6,79,107033.0,98239.0,71.0,96.0
2025-12-06T12:57:09.468003,6,80,107033.0,98239.0,71.0,96.0
2025-12-06T12:57:09.506721,6,81,107058.0,98233.0,71.0,96.0
2025-12-06T12:57:09.538969,6,82,107058.0,98233.0,71.0,96.0
2025-12-06T12:57:09.579136,6,83,107058.0,98233.0,71.0,96.0
2025-12-06T12:57:09.626263,6,84,107058.0,98233.0,71.0,96.0
2025-12-06T12:57:09.657582,6,85,107059.0,98236.0,71.0,96.0
2025-12-06T12:57:09.704946,6,86,107059.0,98236.0,71.0,96.0
2025-12-06T12:57:09.737009,6,87,107059.0,98236.0,71.0,96.0
2025-12-06T12:57:09.788770,6,88,107059.0,98236.0,71.0,96.0
2025-12-06T12:57:09.820847,6,89,107202.0,98290.0,71.0,96.0
2025-12-06T12:57:09.867548,6,90,107202.0,98290.0,71.0,96.0
2025-12-06T12:57:09.899839,6,91,107202.0,98290.0,71.0,96.0
2025-12-06T12:57:09.944447,6,92,107202.0,98290.0,71.0,96.0
2025-12-06T12:57:09.985919,6,93,107342.0,98360.0,71.0,96.0
2025-12-06T12:57:10.026581,6,94,107342.0,98360.0,71.0,96.0
2025-12-06T12:57:10.063930,6,95,107342.0,98360.0,71.0,96.0
2025-12-06T12:57:10.095336,6,96,107342.0,98360.0,71.0,96.0
2025-12-06T12:57:10.142342,6,97,107093.0,98278.0,71.0,96.0
2025-12-06T12:57:10.173591,6,98,107093.0,98278.0,71.0,96.0
2025-12-06T12:57:10.224389,6,99,107093.0,98278.0,71.0,96.0
2025-12-06T12:57:10.255667,6,100,107093.0,98278.0,71.0,96.0
2025-12-06T12:57:10.303747,6,101,107074.0,98249.0,71.0,96.0
2025-12-06T12:57:10.336357,6,102,107074.0,98249.0,71.0,96.0
2025-12-06T12:57:10.388210,6,103,107074.0,98249.0,71.0,96.0
2025-12-06T12:57:10.413189,6,104,107074.0,98249.0,71.0,96.0
2025-12-06T12:57:10.460376,6,105,106994.0,98211.0,71.0,96.0
2025-12-06T12:57:10.497356,6,106,106994.0,98211.0,71.0,96.0
2025-12-06T12:57:10.544098,6,107,106994.0,98211.0,71.0,96.0
2025-12-06T12:57:10.582637,6,108,106994.0,98211.0,71.0,96.0
2025-12-06T12:57:10.613887,6,109,107014.0,98204.0,71.0,96.0
2025-12-06T12:57:10.660599,6,110,107014.0,98204.0,71.0,96.0
2025-12-06T12:57:10.691983,6,111,107014.0,98204.0,71.0,96.0
2025-12-06T12:57:10.740875,6,112,107014.0,98204.0,71.0,96.0
2025-12-06T12:57:13.520252,7,0,107136.0,98255.0,74.0,96.0
2025-12-06T12:57:13.520252,7,1,107136.0,98255.0,74.0,96.0
2025-12-06T12:57:13.520252,7,2,107136.0,98255.0,74.0,96.0
2025-12-06T12:57:13.524055,7,3,107136.0,98255.0,74.0,96.0
2025-12-06T12:57:13.524362,7,4,106814.0,98135.0,74.0,96.0
2025-12-06T12:57:13.524362,7,5,106814.0,98135.0,74.0,96.0
2025-12-06T12:57:13.524362,7,6,106814.0,98135.0,74.0,96.0
2025-12-06T12:57:13.526088,7,7,106814.0,98135.0,74.0,96.0
2025-12-06T12:57:13.527013,7,8,106865.0,98144.0,74.0,96.0
2025-12-06T12:57:13.527013,7,9,106865.0,98144.0,74.0,96.0
2025-12-06T12:57:13.527013,7,10,106865.0,98144.0,74.0,96.0
2025-12-06T12:57:13.529651,7,11,106865.0,98144.0,74.0,96.0
2025-12-06T12:57:13.529651,7,12,106876.0,98138.0,74.0,96.0
2025-12-06T12:57:13.531808,7,13,106876.0,98138.0,74.0,96.0
2025-12-06T12:57:13.531808,7,14,106876.0,98138.0,74.0,96.0
2025-12-06T12:57:13.531808,7,15,106876.0,98138.0,74.0,96.0
2025-12-06T12:57:13.531808,7,16,106987.0,98184.0,74.0,96.0
2025-12-06T12:57:13.535239,7,17,106987.0,98184.0,74.0,96.0
2025-12-06T12:57:13.535239,7,18,106987.0,98184.0,74.0,96.0
2025-12-06T12:57:13.537151,7,19,106987.0,98184.0,74.0,96.0
2025-12-06T12:57:13.537984,7,20,107126.0,98237.0,74.0,96.0
2025-12-06T12:57:13.537984,7,21,107126.0,98237.0,74.0,96.0
2025-12-06T12:57:13.537984,7,22,107126.0,98237.0,74.0,96.0
2025-12-06T12:57:13.537984,7,23,107126.0,98237.0,74.0,96.0
2025-12-06T12:57:13.542793,7,24,106852.0,98139.0,74.0,96.0
2025-12-06T12:57:13.543666,7,25,106852.0,98139.0,74.0,96.0
2025-12-06T12:57:13.544612,7,26,106852.0,98139.0,74.0,96.0
2025-12-06T12:57:13.544612,7,27,106852.0,98139.0,74.0,96.0
2025-12-06T12:57:13.544612,7,28,106904.0,98130.0,74.0,96.0
2025-12-06T12:57:13.546711,7,29,106904.0,98130.0,74.0,96.0
2025-12-06T12:57:13.546711,7,30,106904.0,98130.0,74.0,96.0
2025-12-06T12:57:13.546711,7,31,106904.0,98130.0,74.0,96.0
2025-12-06T12:57:13.546711,7,32,106927.0,98132.0,74.0,96.0
2025-12-06T12:57:13.546711,7,33,106927.0,98132.0,74.0,96.0
2025-12-06T12:57:13.546711,7,34,106927.0,98132.0,74.0,96.0
2025-12-06T12:57:13.546711,7,35,106927.0,98132.0,74.0,96.0
2025-12-06T12:57:13.546711,7,36,107042.0,98192.0,74.0,96.0
2025-12-06T12:57:13.546711,7,37,107042.0,98192.0,74.0,96.0
2025-12-06T12:57:13.546711,7,38,107042.0,98192.0,74.0,96.0
2025-12-06T12:57:13.546711,7,39,107042.0,98192.0,74.0,96.0
2025-12-06T12:57:13.546711,7,40,107166.0,98230.0,74.0,96.0
2025-12-06T12:57:13.546711,7,41,107166.0,98230.0,74.0,96.0
2025-12-06T12:57:13.546711,7,42,107166.0,98230.0,74.0,96.0
2025-12-06T12:57:13.546711,7,43,107166.0,98230.0,74.0,96.0
2025-12-06T12:57:13.546711,7,44,106865.0,98103.0,74.0,96.0
2025-12-06T12:57:13.546711,7,45,106865.0,98103.0,74.0,96.0
2025-12-06T12:57:13.546711,7,46,106865.0,98103.0,74.0,96.0
2025-12-06T12:57:13.546711,7,47,106865.0,98103.0,74.0,96.0
2025-12-06T12:57:13.546711,7,48,106966.0,98138.0,74.0,96.0
2025-12-06T12:57:13.546711,7,49,106966.0,98138.0,74.0,96.0
2025-12-06T12:57:13.554960,7,50,106966.0,98138.0,74.0,96.0
2025-12-06T12:57:13.555489,7,51,106966.0,98138.0,74.0,96.0
2025-12-06T12:57:13.555489,7,52,107060.0,98170.0,74.0,96.0
2025-12-06T12:57:13.555489,7,53,107060.0,98170.0,74.0,96.0
2025-12-06T12:57:13.555489,7,54,107060.0,98170.0,74.0,96.0
2025-12-06T12:57:13.555489,7,55,107060.0,98170.0,74.0,96.0
2025-12-06T12:57:13.555489,7,56,107206.0,98234.0,74.0,96.0
2025-12-06T12:57:13.555489,7,57,107206.0,98234.0,74.0,96.0
2025-12-06T12:57:13.558659,7,58,107206.0,98234.0,74.0,96.0
2025-12-06T12:57:13.559166,7,59,107206.0,98234.0,74.0,96.0
2025-12-06T12:57:13.559166,7,60,107389.0,98311.0,74.0,96.0
2025-12-06T12:57:13.560412,7,61,107389.0,98311.0,74.0,96.0
2025-12-06T12:57:13.560412,7,62,107389.0,98311.0,74.0,96.0
2025-12-06T12:57:13.560412,7,63,107389.0,98311.0,74.0,96.0
2025-12-06T12:57:13.560412,7,64,107209.0,98237.0,74.0,96.0
2025-12-06T12:57:13.562225,7,65,107209.0,98237.0,74.0,96.0
2025-12-06T12:57:13.562738,7,66,107209.0,98237.0,74.0,96.0
2025-12-06T12:57:13.562738,7,67,107209.0,98237.0,74.0,96.0
2025-12-06T12:57:13.564164,7,68,107338.0,98294.0,74.0,96.0
2025-12-06T12:57:13.564164,7,69,107338.0,98294.0,74.0,96.0
2025-12-06T12:57:13.566918,7,70,107338.0,98294.0,74.0,96.0
2025-12-06T12:57:13.610662,7,71,107338.0,98294.0,74.0,96.0
2025-12-06T12:57:13.649929,7,72,107521.0,98398.0,74.0,96.0
2025-12-06T12:57:13.681665,7,73,107521.0,98398.0,74.0,96.0
2025-12-06T12:57:13.728842,7,74,107521.0,98398.0,74.0,96.0
2025-12-06T12:57:13.761376,7,75,107521.0,98398.0,74.0,96.0
2025-12-06T12:57:13.810796,7,76,107717.0,98480.0,74.0,96.0
2025-12-06T12:57:13.847286,7,77,107717.0,98480.0,74.0,96.0
2025-12-06T12:57:13.878535,7,78,107717.0,98480.0,74.0,96.0
2025-12-06T12:57:13.930870,7,79,107717.0,98480.0,74.0,96.0
2025-12-06T12:57:13.969951,7,80,107859.0,98552.0,74.0,96.0
2025-12-06T12:57:14.011272,7,81,107859.0,98552.0,74.0,96.0
2025-12-06T12:57:14.043442,7,82,107859.0,98552.0,74.0,96.0
2025-12-06T12:57:14.079046,7,83,107859.0,98552.0,74.0,96.0
2025-12-06T12:57:14.126923,7,84,107754.0,98494.0,74.0,96.0
2025-12-06T12:57:14.158527,7,85,107754.0,98494.0,74.0,96.0
2025-12-06T12:57:14.198250,7,86,107754.0,98494.0,74.0,96.0
2025-12-06T12:57:14.243375,7,87,107754.0,98494.0,74.0,96.0
2025-12-06T12:57:14.290594,7,88,107784.0,98483.0,74.0,96.0
2025-12-06T12:57:14.323726,7,89,107784.0,98483.0,74.0,96.0
2025-12-06T12:57:14.355646,7,90,107784.0,98483.0,74.0,96.0
2025-12-06T12:57:14.402529,7,91,107784.0,98483.0,74.0,96.0
2025-12-06T12:57:14.439032,7,92,107829.0,98501.0,74.0,96.0
2025-12-06T12:57:14.486124,7,93,107829.0,98501.0,74.0,96.0
2025-12-06T12:57:14.517419,7,94,107829.0,98501.0,74.0,96.0
2025-12-06T12:57:14.564213,7,95,107829.0,98501.0,74.0,96.0
2025-12-06T12:57:14.603948,7,96,107938.0,98533.0,74.0,96.0
2025-12-06T12:57:14.643656,7,97,107938.0,98533.0,74.0,96.0
2025-12-06T12:57:14.675883,7,98,107938.0,98533.0,74.0,96.0
2025-12-06T12:57:14.728277,7,99,107938.0,98533.0,74.0,96.0
2025-12-06T12:57:14.762751,7,100,108060.0,98572.0,74.0,96.0
2025-12-06T12:57:14.796142,7,101,108060.0,98572.0,74.0,96.0
2025-12-06T12:57:14.843064,7,102,108060.0,98572.0,74.0,96.0
2025-12-06T12:57:14.874552,7,103,108060.0,98572.0,74.0,96.0
2025-12-06T12:57:14.922674,7,104,107809.0,98464.0,74.0,96.0
2025-12-06T12:57:14.953937,7,105,107809.0,98464.0,74.0,96.0
2025-12-06T12:57:15.001742,7,106,107809.0,98464.0,74.0,96.0
2025-12-06T12:57:15.034347,7,107,107809.0,98464.0,74.0,96.0
2025-12-06T12:57:15.089046,7,108,107803.0,98443.0,74.0,96.0
2025-12-06T12:57:15.115688,7,109,107803.0,98443.0,74.0,96.0
2025-12-06T12:57:15.160200,7,110,107803.0,98443.0,74.0,96.0
2025-12-06T12:57:15.192666,7,111,107803.0,98443.0,74.0,96.0
2025-12-06T12:57:15.234159,7,112,107821.0,98423.0,74.0,96.0
2025-12-06T12:57:15.282315,7,113,107821.0,98423.0,74.0,96.0
2025-12-06T12:57:15.313540,7,114,107821.0,98423.0,74.0,96.0
2025-12-06T12:57:15.360024,7,115,107821.0,98423.0,74.0,96.0
2025-12-06T12:57:15.404446,7,116,107870.0,98455.0,74.0,96.0
2025-12-06T12:57:15.438203,7,117,107870.0,98455.0,74.0,96.0
2025-12-06T12:57:15.484845,7,118,107870.0,98455.0,74.0,96.0
2025-12-06T12:57:15.516919,7,119,107870.0,98455.0,74.0,96.0
2025-12-06T12:57:15.563833,7,120,107961.0,98478.0,74.0,96.0
2025-12-06T12:57:18.336496,8,0,107961.0,98478.0,75.0,97.0
2025-12-06T12:57:18.336496,8,1,107961.0,98478.0,75.0,97.0
2025-12-06T12:57:18.336496,8,2,107961.0,98478.0,75.0,97.0
2025-12-06T12:57:18.336496,8,3,107671.0,98357.0,75.0,97.0
2025-12-06T12:57:18.339748,8,4,107671.0,98357.0,75.0,97.0
2025-12-06T12:57:18.339748,8,5,107671.0,98357.0,75.0,97.0
2025-12-06T12:57:18.339748,8,6,107671.0,98357.0,75.0,97.0
2025-12-06T12:57:18.339748,8,7,107496.0,98280.0,75.0,97.0
2025-12-06T12:57:18.342062,8,8,107496.0,98280.0,75.0,97.0
2025-12-06T12:57:18.342062,8,9,107496.0,98280.0,75.0,97.0
2025-12-06T12:57:18.342062,8,10,107496.0,98280.0,75.0,97.0
2025-12-06T12:57:18.342062,8,11,107495.0,98244.0,75.0,97.0
2025-12-06T12:57:18.342062,8,12,107495.0,98244.0,75.0,97.0
2025-12-06T12:57:18.342062,8,13,107495.0,98244.0,75.0,97.0
2025-12-06T12:57:18.342062,8,14,107495.0,98244.0,75.0,97.0
2025-12-06T12:57:18.342062,8,15,107559.0,98265.0,75.0,97.0
2025-12-06T12:57:18.342062,8,16,107559.0,98265.0,75.0,97.0
2025-12-06T12:57:18.342062,8,17,107559.0,98265.0,75.0,97.0
2025-12-06T12:57:18.342062,8,18,107559.0,98265.0,75.0,97.0
2025-12-06T12:57:18.342062,8,19,107708.0,98336.0,75.0,97.0
2025-12-06T12:57:18.342062,8,20,107708.0,98336.0,75.0,97.0
2025-12-06T12:57:18.342062,8,21,107708.0,98336.0,75.0,97.0
2025-12-06T12:57:18.342062,8,22,107708.0,98336.0,75.0,97.0
2025-12-06T12:57:18.350361,8,23,107655.0,98343.0,75.0,97.0
2025-12-06T12:57:18.351328,8,24,107655.0,98343.0,75.0,97.0
2025-12-06T12:57:18.351328,8,25,107655.0,98343.0,75.0,97.0
2025-12-06T12:57:18.351328,8,26,107655.0,98343.0,75.0,97.0
2025-12-06T12:57:18.353034,8,27,107294.0,98166.0,75.0,97.0
2025-12-06T12:57:18.353809,8,28,107294.0,98166.0,75.0,97.0
2025-12-06T12:57:18.353809,8,29,107294.0,98166.0,75.0,97.0
2025-12-06T12:57:18.353809,8,30,107294.0,98166.0,75.0,97.0
2025-12-06T12:57:18.353809,8,31,107178.0,98099.0,75.0,97.0
2025-12-06T12:57:18.353809,8,32,107178.0,98099.0,75.0,97.0
2025-12-06T12:57:18.353809,8,33,107178.0,98099.0,75.0,97.0
2025-12-06T12:57:18.356870,8,34,107178.0,98099.0,75.0,97.0
2025-12-06T12:57:18.357898,8,35,107321.0,98181.0,75.0,97.0
2025-12-06T12:57:18.358693,8,36,107321.0,98181.0,75.0,97.0
2025-12-06T12:57:18.358693,8,37,107321.0,98181.0,75.0,97.0
2025-12-06T12:57:18.361355,8,38,107321.0,98181.0,75.0,97.0
2025-12-06T12:57:18.362800,8,39,107508.0,98275.0,75.0,97.0
2025-12-06T12:57:18.362800,8,40,107508.0,98275.0,75.0,97.0
2025-12-06T12:57:18.362800,8,41,107508.0,98275.0,75.0,97.0
2025-12-06T12:57:18.362800,8,42,107508.0,98275.0,75.0,97.0
2025-12-06T12:57:18.362800,8,43,107680.0,98353.0,75.0,97.0
2025-12-06T12:57:18.362800,8,44,107680.0,98353.0,75.0,97.0
2025-12-06T12:57:18.362800,8,45,107680.0,98353.0,75.0,97.0
2025-12-06T12:57:18.362800,8,46,107680.0,98353.0,75.0,97.0
2025-12-06T12:57:18.362800,8,47,107358.0,98247.0,75.0,97.0
2025-12-06T12:57:18.362800,8,48,107358.0,98247.0,75.0,97.0
2025-12-06T12:57:18.362800,8,49,107358.0,98247.0,75.0,97.0
2025-12-06T12:57:18.362800,8,50,107358.0,98247.0,75.0,97.0
2025-12-06T12:57:18.362800,8,51,107229.0,98164.0,75.0,97.0
2025-12-06T12:57:18.362800,8,52,107229.0,98164.0,75.0,97.0
2025-12-06T12:57:18.362800,8,53,107229.0,98164.0,75.0,97.0
2025-12-06T12:57:18.362800,8,54,107229.0,98164.0,75.0,97.0
2025-12-06T12:57:18.362800,8,55,107252.0,98176.0,75.0,97.0
2025-12-06T12:57:18.362800,8,56,107252.0,98176.0,75.0,97.0
2025-12-06T12:57:18.370817,8,57,107252.0,98176.0,75.0,97.0
2025-12-06T12:57:18.371021,8,58,107252.0,98176.0,75.0,97.0
2025-12-06T12:57:18.371021,8,59,107451.0,98271.0,75.0,97.0
2025-12-06T12:57:18.371021,8,60,107451.0,98271.0,75.0,97.0
2025-12-06T12:57:18.371021,8,61,107451.0,98271.0,75.0,97.0
2025-12-06T12:57:18.371021,8,62,107451.0,98271.0,75.0,97.0
2025-12-06T12:57:18.371021,8,63,107568.0,98314.0,75.0,97.0
2025-12-06T12:57:18.371021,8,64,107568.0,98314.0,75.0,97.0
2025-12-06T12:57:18.371021,8,65,107568.0,98314.0,75.0,97.0
2025-12-06T12:57:18.375004,8,66,107568.0,98314.0,75.0,97.0
2025-12-06T12:57:18.375004,8,67,107269.0,98203.0,75.0,97.0
2025-12-06T12:57:18.375004,8,68,107269.0,98203.0,75.0,97.0
2025-12-06T12:57:18.375004,8,69,107269.0,98203.0,75.0,97.0
2025-12-06T12:57:18.392283,8,70,107269.0,98203.0,75.0,97.0
2025-12-06T12:57:18.425670,8,71,107124.0,98134.0,75.0,97.0
2025-12-06T12:57:18.474551,8,72,107124.0,98134.0,75.0,97.0
2025-12-06T12:57:18.506991,8,73,107124.0,98134.0,75.0,97.0
2025-12-06T12:57:18.553952,8,74,107124.0,98134.0,75.0,97.0
2025-12-06T12:57:18.585523,8,75,107131.0,98119.0,75.0,97.0
2025-12-06T12:57:18.633491,8,76,107131.0,98119.0,75.0,97.0
2025-12-06T12:57:18.674734,8,77,107131.0,98119.0,75.0,97.0
2025-12-06T12:57:18.706221,8,78,107131.0,98119.0,75.0,97.0
2025-12-06T12:57:18.742651,8,79,107023.0,98032.0,75.0,97.0
2025-12-06T12:57:18.792490,8,80,107023.0,98032.0,75.0,97.0
2025-12-06T12:57:18.826249,8,81,107023.0,98032.0,75.0,97.0
2025-12-06T12:57:18.857802,8,82,107023.0,98032.0,75.0,97.0
2025-12-06T12:57:18.904674,8,83,107108.0,98057.0,75.0,97.0
2025-12-06T12:57:18.952464,8,84,107108.0,98057.0,75.0,97.0
2025-12-06T12:57:18.984083,8,85,107108.0,98057.0,75.0,97.0
2025-12-06T12:57:19.030940,8,86,107108.0,98057.0,75.0,97.0
2025-12-06T12:57:19.063328,8,87,106623.0,97813.0,75.0,97.0
2025-12-06T12:57:19.109822,8,88,106623.0,97813.0,75.0,97.0
2025-12-06T12:57:19.142552,8,89,106623.0,97813.0,75.0,97.0
2025-12-06T12:57:19.180909,8,90,106623.0,97813.0,75.0,97.0
2025-12-06T12:57:19.228843,8,91,106465.0,97726.0,75.0,97.0
2025-12-06T12:57:19.270088,8,92,106465.0,97726.0,75.0,97.0
2025-12-06T12:57:19.307471,8,93,106465.0,97726.0,75.0,97.0
2025-12-06T12:57:19.347877,8,94,106465.0,97726.0,75.0,97.0
2025-12-06T12:57:19.375999,8,95,106385.0,97664.0,75.0,97.0
2025-12-06T12:57:19.423602,8,96,106385.0,97664.0,75.0,97.0
2025-12-06T12:57:19.455933,8,97,106385.0,97664.0,75.0,97.0
2025-12-06T12:57:19.503270,8,98,106385.0,97664.0,75.0,97.0
2025-12-06T12:57:19.549769,8,99,106554.0,97747.0,75.0,97.0
2025-12-06T12:57:19.581407,8,100,106554.0,97747.0,75.0,97.0
2025-12-06T12:57:19.628242,8,101,106554.0,97747.0,75.0,97.0
2025-12-06T12:57:19.659146,8,102,106554.0,97747.0,75.0,97.0
2025-12-06T12:57:19.708384,8,103,106683.0,97809.0,75.0,97.0
2025-12-06T12:57:19.741682,8,104,106683.0,97809.0,75.0,97.0
2025-12-06T12:57:19.774112,8,105,106683.0,97809.0,75.0,97.0
2025-12-06T12:57:19.826981,8,106,106683.0,97809.0,75.0,97.0
2025-12-06T12:57:19.858557,8,107,106378.0,97678.0,75.0,97.0
2025-12-06T12:57:19.905897,8,108,106378.0,97678.0,75.0,97.0
2025-12-06T12:57:19.934337,8,109,106378.0,97678.0,75.0,97.0
2025-12-06T12:57:19.981205,8,110,106378.0,97678.0,75.0,97.0
2025-12-06T12:57:20.014745,8,111,106250.0,97605.0,75.0,97.0
2025-12-06T12:57:20.061890,8,112,106250.0,97605.0,75.0,97.0
2025-12-06T12:57:20.093115,8,113,106250.0,97605.0,75.0,97.0
2025-12-06T12:57:20.141945,8,114,106250.0,97605.0,75.0,97.0
2025-12-06T12:57:20.178759,8,115,106326.0,97644.0,75.0,97.0
2025-12-06T12:57:20.219045,8,116,106326.0,97644.0,75.0,97.0
2025-12-06T12:57:20.261378,8,117,106326.0,97644.0,75.0,97.0
2025-12-06T12:57:20.293294,8,118,106326.0,97644.0,75.0,97.0
2025-12-06T12:57:20.342230,8,119,106442.0,97695.0,75.0,97.0
2025-12-06T12:57:26.302873,9,0,106442.0,97695.0,74.0,98.0
2025-12-06T12:57:26.302873,9,1,106442.0,97695.0,74.0,98.0
2025-12-06T12:57:26.302873,9,2,106442.0,97695.0,74.0,98.0
2025-12-06T12:57:26.306101,9,3,106614.0,97762.0,74.0,98.0
2025-12-06T12:57:26.306673,9,4,106614.0,97762.0,74.0,98.0
2025-12-06T12:57:26.306673,9,5,106614.0,97762.0,74.0,98.0
2025-12-06T12:57:26.306673,9,6,106614.0,97762.0,74.0,98.0
2025-12-06T12:57:26.306673,9,7,106294.0,97634.0,74.0,98.0
2025-12-06T12:57:26.306673,9,8,106294.0,97634.0,74.0,98.0
2025-12-06T12:57:26.306673,9,9,106294.0,97634.0,74.0,98.0
2025-12-06T12:57:26.306673,9,10,106294.0,97634.0,74.0,98.0
2025-12-06T12:57:26.306673,9,11,106209.0,97592.0,74.0,98.0
2025-12-06T12:57:26.306673,9,12,106209.0,97592.0,74.0,98.0
2025-12-06T12:57:26.306673,9,13,106209.0,97592.0,74.0,98.0
2025-12-06T12:57:26.314737,9,14,106209.0,97592.0,74.0,98.0
2025-12-06T12:57:26.315826,9,15,106267.0,97612.0,74.0,98.0
2025-12-06T12:57:26.315826,9,16,106267.0,97612.0,74.0,98.0
2025-12-06T12:57:26.317896,9,17,106267.0,97612.0,74.0,98.0
2025-12-06T12:57:26.317896,9,18,106267.0,97612.0,74.0,98.0
2025-12-06T12:57:26.319388,9,19,106415.0,97685.0,74.0,98.0
2025-12-06T12:57:26.319388,9,20,106415.0,97685.0,74.0,98.0
2025-12-06T12:57:26.319388,9,21,106415.0,97685.0,74.0,98.0
2025-12-06T12:57:26.319388,9,22,106415.0,97685.0,74.0,98.0
2025-12-06T12:57:26.322349,9,23,106574.0,97736.0,74.0,98.0
2025-12-06T12:57:26.324432,9,24,106574.0,97736.0,74.0,98.0
2025-12-06T12:57:26.324432,9,25,106574.0,97736.0,74.0,98.0
2025-12-06T12:57:26.324432,9,26,106574.0,97736.0,74.0,98.0
2025-12-06T12:57:26.324432,9,27,106254.0,97618.0,74.0,98.0
2025-12-06T12:57:26.324432,9,28,106254.0,97618.0,74.0,98.0
2025-12-06T12:57:26.324432,9,29,106254.0,97618.0,74.0,98.0
2025-12-06T12:57:26.324432,9,30,106254.0,97618.0,74.0,98.0
2025-12-06T12:57:26.324432,9,31,106165.0,97596.0,74.0,98.0
2025-12-06T12:57:26.330746,9,32,106165.0,97596.0,74.0,98.0
2025-12-06T12:57:26.330746,9,33,106165.0,97596.0,74.0,98.0
2025-12-06T12:57:26.330746,9,34,106165.0,97596.0,74.0,98.0
2025-12-06T12:57:26.330746,9,35,106243.0,97609.0,74.0,98.0
2025-12-06T12:57:26.330746,9,36,106243.0,97609.0,74.0,98.0
2025-12-06T12:57:26.330746,9,37,106243.0,97609.0,74.0,98.0
2025-12-06T12:57:26.330746,9,38,106243.0,97609.0,74.0,98.0
2025-12-06T12:57:26.335460,9,39,106370.0,97684.0,74.0,98.0
2025-12-06T12:57:26.335966,9,40,106370.0,97684.0,74.0,98.0
2025-12-06T12:57:26.335966,9,41,106370.0,97684.0,74.0,98.0
2025-12-06T12:57:26.335966,9,42,106370.0,97684.0,74.0,98.0
2025-12-06T12:57:26.335966,9,43,106535.0,97759.0,74.0,98.0
2025-12-06T12:57:26.335966,9,44,106535.0,97759.0,74.0,98.0
2025-12-06T12:57:26.338807,9,45,106535.0,97759.0,74.0,98.0
2025-12-06T12:57:26.339398,9,46,106535.0,97759.0,74.0,98.0
2025-12-06T12:57:26.340018,9,47,106195.0,97635.0,74.0,98.0
2025-12-06T12:57:26.340560,9,48,106195.0,97635.0,74.0,98.0
2025-12-06T12:57:26.341770,9,49,106195.0,97635.0,74.0,98.0
2025-12-06T12:57:26.342378,9,50,106195.0,97635.0,74.0,98.0
2025-12-06T12:57:26.342886,9,51,106130.0,97596.0,74.0,98.0
2025-12-06T12:57:26.342886,9,52,106130.0,97596.0,74.0,98.0
2025-12-06T12:57:26.342886,9,53,106130.0,97596.0,74.0,98.0
2025-12-06T12:57:26.342886,9,54,106130.0,97596.0,74.0,98.0
2025-12-06T12:57:26.342886,9,55,106184.0,97632.0,74.0,98.0
2025-12-06T12:57:26.342886,9,56,106184.0,97632.0,74.0,98.0
2025-12-06T12:57:26.342886,9,57,106184.0,97632.0,74.0,98.0
2025-12-06T12:57:26.342886,9,58,106184.0,97632.0,74.0,98.0
2025-12-06T12:57:26.342886,9,59,106335.0,97695.0,74.0,98.0
2025-12-06T12:57:26.342886,9,60,106335.0,97695.0,74.0,98.0
2025-12-06T12:57:26.342886,9,61,106335.0,97695.0,74.0,98.0
2025-12-06T12:57:26.342886,9,62,106335.0,97695.0,74.0,98.0
2025-12-06T12:57:26.342886,9,63,106502.0,97788.0,74.0,98.0
2025-12-06T12:57:26.342886,9,64,106502.0,97788.0,74.0,98.0
2025-12-06T12:57:26.342886,9,65,106502.0,97788.0,74.0,98.0
2025-12-06T12:57:26.342886,9,66,106502.0,97788.0,74.0,98.0
2025-12-06T12:57:26.342886,9,67,106099.0,97625.0,74.0,98.0
2025-12-06T12:57:26.342886,9,68,106099.0,97625.0,74.0,98.0
2025-12-06T12:57:26.342886,9,69,106099.0,97625.0,74.0,98.0
2025-12-06T12:57:26.342886,9,70,106099.0,97625.0,74.0,98.0
2025-12-06T12:57:26.342886,9,71,106051.0,97619.0,74.0,98.0
2025-12-06T12:57:26.342886,9,72,106051.0,97619.0,74.0,98.0
2025-12-06T12:57:26.342886,9,73,106051.0,97619.0,74.0,98.0
2025-12-06T12:57:26.342886,9,74,106051.0,97619.0,74.0,98.0
2025-12-06T12:57:26.342886,9,75,106101.0,97639.0,74.0,98.0
2025-12-06T12:57:26.342886,9,76,106101.0,97639.0,74.0,98.0
2025-12-06T12:57:26.342886,9,77,106101.0,97639.0,74.0,98.0
2025-12-06T12:57:26.342886,9,78,106101.0,97639.0,74.0,98.0
2025-12-06T12:57:26.342886,9,79,106281.0,97708.0,74.0,98.0
2025-12-06T12:57:26.342886,9,80,106281.0,97708.0,74.0,98.0
2025-12-06T12:57:26.342886,9,81,106281.0,97708.0,74.0,98.0
2025-12-06T12:57:26.342886,9,82,106281.0,97708.0,74.0,98.0
2025-12-06T12:57:26.356768,9,83,106047.0,97633.0,74.0,98.0
2025-12-06T12:57:26.356768,9,84,106047.0,97633.0,74.0,98.0
2025-12-06T12:57:26.356768,9,85,106047.0,97633.0,74.0,98.0
2025-12-06T12:57:26.356768,9,86,106047.0,97633.0,74.0,98.0
2025-12-06T12:57:26.356768,9,87,105731.0,97499.0,74.0,98.0
2025-12-06T12:57:26.356768,9,88,105731.0,97499.0,74.0,98.0
2025-12-06T12:57:26.356768,9,89,105731.0,97499.0,74.0,98.0
2025-12-06T12:57:26.356768,9,90,105731.0,97499.0,74.0,98.0
2025-12-06T12:57:26.356768,9,91,105746.0,97522.0,74.0,98.0
2025-12-06T12:57:26.356768,9,92,105746.0,97522.0,74.0,98.0
2025-12-06T12:57:26.356768,9,93,105746.0,97522.0,74.0,98.0
2025-12-06T12:57:26.356768,9,94,105746.0,97522.0,74.0,98.0
2025-12-06T12:57:26.356768,9,95,105877.0,97572.0,74.0,98.0
2025-12-06T12:57:26.356768,9,96,105877.0,97572.0,74.0,98.0
2025-12-06T12:57:26.356768,9,97,105877.0,97572.0,74.0,98.0
2025-12-06T12:57:26.356768,9,98,105877.0,97572.0,74.0,98.0
2025-12-06T12:57:26.356768,9,99,106017.0,97620.0,74.0,98.0
2025-12-06T12:57:26.364865,9,100,106017.0,97620.0,74.0,98.0
2025-12-06T12:57:26.364865,9,101,106017.0,97620.0,74.0,98.0
2025-12-06T12:57:26.364865,9,102,106017.0,97620.0,74.0,98.0
2025-12-06T12:57:26.364865,9,103,105463.0,97434.0,74.0,98.0
2025-12-06T12:57:26.364865,9,104,105463.0,97434.0,74.0,98.0
2025-12-06T12:57:26.364865,9,105,105463.0,97434.0,74.0,98.0
2025-12-06T12:57:26.364865,9,106,105463.0,97434.0,74.0,98.0
2025-12-06T12:57:26.364865,9,107,105348.0,97362.0,74.0,98.0
2025-12-06T12:57:26.364865,9,108,105348.0,97362.0,74.0,98.0
2025-12-06T12:57:26.364865,9,109,105348.0,97362.0,74.0,98.0
2025-12-06T12:57:26.364865,9,110,105348.0,97362.0,74.0,98.0
2025-12-06T12:57:26.364865,9,111,105374.0,97397.0,74.0,98.0
2025-12-06T12:57:26.364865,9,112,105374.0,97397.0,74.0,98.0
2025-12-06T12:57:26.364865,9,113,105374.0,97397.0,74.0,98.0
2025-12-06T12:57:26.364865,9,114,105374.0,97397.0,74.0,98.0
2025-12-06T12:57:26.364865,9,115,105568.0,97502.0,74.0,98.0
2025-12-06T12:57:26.364865,9,116,105568.0,97502.0,74.0,98.0
2025-12-06T12:57:26.364865,9,117,105568.0,97502.0,74.0,98.0
2025-12-06T12:57:26.364865,9,118,105568.0,97502.0,74.0,98.0
2025-12-06T12:57:26.372860,9,119,105637.0,97535.0,74.0,98.0
2025-12-06T12:57:26.373860,9,120,105637.0,97535.0,74.0,98.0
2025-12-06T12:57:26.373860,9,121,105637.0,97535.0,74.0,98.0
2025-12-06T12:57:26.373860,9,122,105637.0,97535.0,74.0,98.0
2025-12-06T12:57:26.373860,9,123,104981.0,97278.0,74.0,98.0
2025-12-06T12:57:26.373860,9,124,104981.0,97278.0,74.0,98.0
2025-12-06T12:57:26.373860,9,125,104981.0,97278.0,74.0,98.0
